Date,"Volatility of Returns (Session:All day, Interval:1m, Symbol:ZT)",ZScore wrt All Days,ZScore wrt Given Days
2024-10-13,0.5,-0.9420962832392955,-0.9420962832392955
2024-10-14,1.625,-0.3680686414435941,-0.3680686414435941
2024-10-16,1.0625007999999525,-0.6550820541440349,-0.6550820541440349
2024-10-17,2.3125007999999525,-0.017273563259922155,-0.017273563259922155
2024-10-18,1.3124992000000475,-0.5275211723620322,-0.5275211723620322
2024-10-20,0.375,-1.0058771323277067,-1.0058771323277067
2024-10-21,3.125,0.39730154761734116,0.39730154761734116
2024-10-22,1.5624992000000475,-0.39995947418520966,-0.39995947418520966
2024-10-23,1.3125007999999525,-0.5275203559672124,-0.5275203559672124
2024-10-24,1.4375007999999525,-0.46373950687880106,-0.46373950687880106
2024-10-27,1.0,-0.6869728868856504,-0.6869728868856504
2024-10-28,1.875,-0.24050694326677155,-0.24050694326677155
2024-10-29,2.5,0.07839730217528482,0.07839730217528482
2024-11-03,1.1874992000000475,-0.5913020214504434,-0.5913020214504434
2024-11-04,1.8124992000000475,-0.2723977760083871,-0.2723977760083871
2024-11-05,4.6874992000000475,1.194561753025072,1.194561753025072
2024-11-06,2.25,-0.04916439600153773,-0.04916439600153773
2024-11-07,2.375,0.014616453086873548,0.014616453086873548
2024-11-10,0.75,-0.814534585062473,-0.814534585062473
2024-11-11,1.375,-0.49563033962041664,-0.49563033962041664
2024-11-15,3.125,0.39730154761734116,0.39730154761734116
2024-11-17,0.8124992000000475,-0.7826445687156773,-0.7826445687156773
2024-11-18,1.6874992000000475,-0.33617862509679836,-0.33617862509679836
2024-11-19,2.3125007999999525,-0.017273563259922155,-0.017273563259922155
2024-11-20,1.25,-0.5594111887088279,-0.5594111887088279
2024-11-21,2.0,-0.17672609417836027,-0.17672609417836027
2024-11-24,0.875,-0.7507537359740617,-0.7507537359740617
2024-11-25,2.6874992000000475,0.1740681676104918,0.1740681676104918
2024-11-26,1.75,-0.30428779235518283,-0.30428779235518283
2024-11-28,0.875,-0.7507537359740617,-0.7507537359740617
2024-11-29,4.6875,1.1945621612224822,1.1945621612224822
2024-12-01,3.875,0.7799866421478088,0.7799866421478088
2024-12-02,4.75,1.2264525857666877,1.2264525857666877
2024-12-03,1.5625,-0.39995906598779973,-0.39995906598779973
2024-12-04,2.75,0.20595900035210737,0.20595900035210737
2024-12-05,3.375,0.5248632457941638,0.5248632457941638
2024-12-10,2.1875,-0.08105482054574335,-0.08105482054574335
2024-12-13,2.125,-0.11294524508994899,-0.11294524508994899
2024-12-15,0.4375,-0.9739867077835012,-0.9739867077835012
2024-12-16,1.4375,-0.463739915076211,-0.463739915076211
2024-12-17,2.0,-0.17672609417836027,-0.17672609417836027
2024-12-18,5.3125,1.5134664066645385,1.5134664066645385
2024-12-22,0.4375,-0.9739867077835012,-0.9739867077835012
2024-12-23,1.1875,-0.5913016132530335,-0.5913016132530335
2024-12-24,1.0,-0.6869728868856504,-0.6869728868856504
2024-12-25,0.75,-0.814534585062473,-0.814534585062473
2024-12-26,1.375,-0.49563033962041664,-0.49563033962041664
2024-12-27,1.1875,-0.5913016132530335,-0.5913016132530335
2024-12-29,0.375,-1.0058771323277067,-1.0058771323277067
2024-12-30,2.625,0.1421781512636961,0.1421781512636961
2024-12-31,1.5,-0.43184949053200533,-0.43184949053200533
2025-01-01,0.8125,-0.7826441605182674,-0.7826441605182674
2025-01-02,2.0,-0.17672609417836027,-0.17672609417836027
2025-01-03,1.75,-0.30428779235518283,-0.30428779235518283
2025-01-05,0.5625,-0.9102058586950899,-0.9102058586950899
2025-01-06,1.5,-0.43184949053200533,-0.43184949053200533
2025-01-07,1.75,-0.30428779235518283,-0.30428779235518283
2025-01-08,1.6875,-0.3361782168993884,-0.3361782168993884
2025-01-09,1.125,-0.6231920377972392,-0.6231920377972392
2025-01-12,1.0,-0.6869728868856504,-0.6869728868856504
2025-01-16,2.8125,0.237849424896313,0.237849424896313
2025-01-17,2.0625,-0.14483566963415462,-0.14483566963415462
2025-01-19,0.6875,-0.8464250096066787,-0.8464250096066787
2025-01-20,2.375,0.014616453086873548,0.014616453086873548
2025-01-21,1.9375,-0.2086165187225659,-0.2086165187225659
2025-01-22,1.375,-0.49563033962041664,-0.49563033962041664
2025-01-23,1.6875,-0.3361782168993884,-0.3361782168993884
2025-01-26,0.6875,-0.8464250096066787,-0.8464250096066787
2025-01-27,2.625,0.1421781512636961,0.1421781512636961
2025-01-28,1.4375,-0.463739915076211,-0.463739915076211
2025-01-29,2.3125,-0.017273971457332088,-0.017273971457332088
2025-02-02,1.5625,-0.39995906598779973,-0.39995906598779973
2025-02-03,1.75,-0.30428779235518283,-0.30428779235518283
2025-02-04,1.9375,-0.2086165187225659,-0.2086165187225659
2025-02-05,1.6875,-0.3361782168993884,-0.3361782168993884
2025-02-06,0.875,-0.7507537359740617,-0.7507537359740617
2025-02-09,0.5625,-0.9102058586950899,-0.9102058586950899
2025-02-11,0.9375,-0.718863311429856,-0.718863311429856
2025-02-14,2.125,-0.11294524508994899,-0.11294524508994899
2025-02-16,0.4375,-0.9739867077835012,-0.9739867077835012
2025-02-17,0.625,-0.8783154341508843,-0.8783154341508843
2025-02-18,1.1875,-0.5913016132530335,-0.5913016132530335
2025-02-19,1.625,-0.3680686414435941,-0.3680686414435941
2025-02-20,0.875,-0.7507537359740617,-0.7507537359740617
2025-02-23,0.5,-0.9420962832392955,-0.9420962832392955
2025-02-24,2.25,-0.04916439600153773,-0.04916439600153773
2025-02-25,2.4375,0.046506877631079184,0.046506877631079184
2025-02-26,5.9375,1.8323706521065948,1.8323706521065948
2025-03-02,4.8125,1.2583430103108932,1.2583430103108932
2025-03-03,8.5,3.1398780584190256,3.1398780584190256
2025-03-04,8.625,3.203658907507437,3.203658907507437
2025-03-05,8.3125,3.0442067847864087,3.0442067847864087
2025-03-06,7.5,2.6296312657117356,2.6296312657117356
2025-03-09,1.25,-0.5594111887088279,-0.5594111887088279
2025-03-11,5.3125,1.5134664066645385,1.5134664066645385
2025-03-16,2.6875,0.17406857580790172,0.17406857580790172
2025-03-17,3.125,0.39730154761734116,0.39730154761734116
2025-03-18,2.625,0.1421781512636961,0.1421781512636961
2025-03-19,4.9375,1.3221238593993045,1.3221238593993045
2025-03-20,2.3125,-0.017273971457332088,-0.017273971457332088
2025-03-21,2.0625,-0.14483566963415462,-0.14483566963415462
2025-03-23,0.8125,-0.7826441605182674,-0.7826441605182674
2025-03-24,2.25,-0.04916439600153773,-0.04916439600153773
2025-03-25,1.875,-0.24050694326677155,-0.24050694326677155
2025-03-26,1.0,-0.6869728868856504,-0.6869728868856504
2025-03-30,1.625,-0.3680686414435941,-0.3680686414435941
2025-03-31,4.0,0.8437674912362201,0.8437674912362201
2025-04-01,2.0625,-0.14483566963415462,-0.14483566963415462
2025-04-02,5.9375,1.8323706521065948,1.8323706521065948
2025-04-03,6.5625,2.151274897548651,2.151274897548651
2025-04-06,7.8125,2.7890833884327635,2.7890833884327635
2025-04-07,11.25,4.543056738364074,4.543056738364074
2025-04-08,6.75,2.2469461711812677,2.2469461711812677
2025-04-09,9.25,3.5225631529494934,3.5225631529494934
2025-04-13,2.8125,0.237849424896313,0.237849424896313
2025-04-15,2.375,0.014616453086873548,0.014616453086873548
2025-04-16,2.0625,-0.14483566963415462,-0.14483566963415462
2025-04-17,1.875,-0.24050694326677155,-0.24050694326677155
2025-04-20,1.625,-0.3680686414435941,-0.3680686414435941
2025-04-21,2.5,0.07839730217528482,0.07839730217528482
2025-04-22,3.5,0.588644094882575,0.588644094882575
2025-04-23,2.375,0.014616453086873548,0.014616453086873548
2025-04-24,1.875,-0.24050694326677155,-0.24050694326677155
2025-04-27,0.625,-0.8783154341508843,-0.8783154341508843
2025-04-28,3.25,0.46108239670575246,0.46108239670575246
2025-04-29,2.25,-0.04916439600153773,-0.04916439600153773
2025-05-01,5.4375,1.5772472557529498,1.5772472557529498
2025-05-04,0.8125,-0.7826441605182674,-0.7826441605182674
2025-05-05,2.0625,-0.14483566963415462,-0.14483566963415462
2025-05-06,2.1875,-0.08105482054574335,-0.08105482054574335
2025-05-07,2.125,-0.11294524508994899,-0.11294524508994899
2025-05-09,1.8125,-0.2723973678109772,-0.2723973678109772
2025-05-11,0.75,-0.814534585062473,-0.814534585062473
2025-05-14,2.375,0.014616453086873548,0.014616453086873548
2025-05-18,1.625,-0.3680686414435941,-0.3680686414435941
2025-05-19,2.125,-0.11294524508994899,-0.11294524508994899
2025-05-20,1.25,-0.5594111887088279,-0.5594111887088279
2025-05-21,1.4375,-0.463739915076211,-0.463739915076211
2025-05-22,1.125,-0.6231920377972392,-0.6231920377972392
2025-05-23,2.8125,0.237849424896313,0.237849424896313
2025-05-25,1.0625,-0.6550824623414448,-0.6550824623414448
2025-05-26,1.125,-0.6231920377972392,-0.6231920377972392
2025-05-27,1.0,-0.6869728868856504,-0.6869728868856504
2025-05-28,0.125,-1.1334388305045293,-1.1334388305045293
