Date,"Volatility of Returns (Session:All day, Interval:1m, Symbol:ZN)",ZScore wrt All Days,ZScore wrt Given Days
2024-09-30,7.75,-0.10498649034024538,-0.10498649034024538
2024-10-01,10.75,0.4806866408935732,0.4806866408935732
2024-10-02,9.0,0.13904398100717905,0.13904398100717905
2024-10-03,8.25,-0.007374301801275613,-0.007374301801275613
2024-10-06,3.25,-0.9834961871909733,-0.9834961871909733
2024-10-07,7.25,-0.20259867887921515,-0.20259867887921515
2024-10-08,6.75,-0.3002108674181849,-0.3002108674181849
2024-10-09,8.0,-0.056180396070760495,-0.056180396070760495
2024-10-13,1.5,-1.3251388470773675,-1.3251388470773675
2024-10-14,6.75,-0.3002108674181849,-0.3002108674181849
2024-10-16,4.5,-0.7394657158435488,-0.7394657158435488
2024-10-17,7.5,-0.15379258460973028,-0.15379258460973028
2024-10-18,5.5,-0.5442413387656093,-0.5442413387656093
2024-10-20,2.0,-1.2275266585383977,-1.2275266585383977
2024-10-21,14.0,1.1151658663968766,1.1151658663968766
2024-10-22,7.0,-0.2514047731487,-0.2514047731487
2024-10-23,4.75,-0.690659621574064,-0.690659621574064
2024-10-24,5.0,-0.6418535273045791,-0.6418535273045791
2024-10-27,6.0,-0.44662915022663957,-0.44662915022663957
2024-10-28,7.5,-0.15379258460973028,-0.15379258460973028
2024-10-29,10.75,0.4806866408935732,0.4806866408935732
2024-11-03,3.75,-0.8858839986520035,-0.8858839986520035
2024-11-04,7.25,-0.20259867887921515,-0.20259867887921515
2024-11-05,23.25,2.920991354367817,2.920991354367817
2024-11-06,10.75,0.4806866408935732,0.4806866408935732
2024-11-07,15.5,1.408002432013786,1.408002432013786
2024-11-10,3.75,-0.8858839986520035,-0.8858839986520035
2024-11-11,6.25,-0.39782305595715467,-0.39782305595715467
2024-11-15,12.75,0.8711353950494523,0.8711353950494523
2024-11-17,2.5,-1.129914469999428,-1.129914469999428
2024-11-18,9.25,0.18785007527666392,0.18785007527666392
2024-11-19,8.0,-0.056180396070760495,-0.056180396070760495
2024-11-20,5.25,-0.5930474330350942,-0.5930474330350942
2024-11-21,7.0,-0.2514047731487,-0.2514047731487
2024-11-24,3.75,-0.8858839986520035,-0.8858839986520035
2024-11-25,11.5,0.6271049237020279,0.6271049237020279
2024-11-26,5.5,-0.5442413387656093,-0.5442413387656093
2024-11-28,5.75,-0.49543524449612447,-0.49543524449612447
2024-11-29,5.75,-0.49543524449612447,-0.49543524449612447
2024-12-01,4.5,-0.7394657158435488,-0.7394657158435488
2024-12-02,9.5,0.2366561695461488,0.2366561695461488
2024-12-03,10.0,0.33426835808511857,0.33426835808511857
2024-12-04,9.5,0.2366561695461488,0.2366561695461488
2024-12-05,8.25,-0.007374301801275613,-0.007374301801275613
2024-12-08,4.0,-0.8370779043825186,-0.8370779043825186
2024-12-10,9.5,0.2366561695461488,0.2366561695461488
2024-12-13,10.0,0.33426835808511857,0.33426835808511857
2024-12-15,1.75,-1.2763327528078825,-1.2763327528078825
2024-12-16,5.25,-0.5930474330350942,-0.5930474330350942
2024-12-17,7.25,-0.20259867887921515,-0.20259867887921515
2024-12-18,18.0,1.8960633747086348,1.8960633747086348
2024-12-22,1.75,-1.2763327528078825,-1.2763327528078825
2024-12-23,8.75,0.09023788673769416,0.09023788673769416
2024-12-24,4.5,-0.7394657158435488,-0.7394657158435488
2024-12-25,3.25,-0.9834961871909733,-0.9834961871909733
2024-12-26,8.0,-0.056180396070760495,-0.056180396070760495
2024-12-27,5.75,-0.49543524449612447,-0.49543524449612447
2024-12-29,1.5,-1.3251388470773675,-1.3251388470773675
2024-12-30,11.0,0.5294927351630581,0.5294927351630581
2024-12-31,7.75,-0.10498649034024538,-0.10498649034024538
2025-01-01,3.25,-0.9834961871909733,-0.9834961871909733
2025-01-02,8.5,0.04143179246820927,0.04143179246820927
2025-01-03,7.25,-0.20259867887921515,-0.20259867887921515
2025-01-05,3.5,-0.9346900929214884,-0.9346900929214884
2025-01-06,7.5,-0.15379258460973028,-0.15379258460973028
2025-01-07,9.0,0.13904398100717905,0.13904398100717905
2025-01-08,7.25,-0.20259867887921515,-0.20259867887921515
2025-01-09,4.75,-0.690659621574064,-0.690659621574064
2025-01-12,4.25,-0.7882718101130337,-0.7882718101130337
2025-01-16,12.0,0.7247171122409977,0.7247171122409977
2025-01-17,7.25,-0.20259867887921515,-0.20259867887921515
2025-01-19,2.25,-1.178720564268913,-1.178720564268913
2025-01-20,13.75,1.0663597721273919,1.0663597721273919
2025-01-21,7.5,-0.15379258460973028,-0.15379258460973028
2025-01-22,7.0,-0.2514047731487,-0.2514047731487
2025-01-23,6.75,-0.3002108674181849,-0.3002108674181849
2025-01-26,4.0,-0.8370779043825186,-0.8370779043825186
2025-01-27,11.25,0.578298829432543,0.578298829432543
2025-01-28,7.0,-0.2514047731487,-0.2514047731487
2025-01-29,9.5,0.2366561695461488,0.2366561695461488
2025-02-02,9.5,0.2366561695461488,0.2366561695461488
2025-02-03,8.0,-0.056180396070760495,-0.056180396070760495
2025-02-04,9.5,0.2366561695461488,0.2366561695461488
2025-02-05,11.5,0.6271049237020279,0.6271049237020279
2025-02-06,5.0,-0.6418535273045791,-0.6418535273045791
2025-02-09,2.75,-1.0811083757299431,-1.0811083757299431
2025-02-11,6.25,-0.39782305595715467,-0.39782305595715467
2025-02-14,10.75,0.4806866408935732,0.4806866408935732
2025-02-16,2.75,-1.0811083757299431,-1.0811083757299431
2025-02-17,3.75,-0.8858839986520035,-0.8858839986520035
2025-02-18,6.25,-0.39782305595715467,-0.39782305595715467
2025-02-19,7.0,-0.2514047731487,-0.2514047731487
2025-02-20,5.0,-0.6418535273045791,-0.6418535273045791
2025-02-23,1.5,-1.3251388470773675,-1.3251388470773675
2025-02-24,9.75,0.28546226381563367,0.28546226381563367
2025-02-25,11.25,0.578298829432543,0.578298829432543
2025-02-26,10.75,0.4806866408935732,0.4806866408935732
2025-03-02,3.0,-1.032302281460458,-1.032302281460458
2025-03-03,17.0,1.7008389976306952,1.7008389976306952
2025-03-04,19.0,2.0912877517865742,2.0912877517865742
2025-03-05,16.0,1.5056146205527559,1.5056146205527559
2025-03-06,10.25,0.38307445235460347,0.38307445235460347
2025-03-09,4.0,-0.8370779043825186,-0.8370779043825186
2025-03-11,13.25,0.9687475835884221,0.9687475835884221
2025-03-16,3.5,-0.9346900929214884,-0.9346900929214884
2025-03-17,8.0,-0.056180396070760495,-0.056180396070760495
2025-03-18,7.5,-0.15379258460973028,-0.15379258460973028
2025-03-19,11.25,0.578298829432543,0.578298829432543
2025-03-20,8.5,0.04143179246820927,0.04143179246820927
2025-03-21,6.75,-0.3002108674181849,-0.3002108674181849
2025-03-23,3.0,-1.032302281460458,-1.032302281460458
2025-03-24,7.5,-0.15379258460973028,-0.15379258460973028
2025-03-25,8.0,-0.056180396070760495,-0.056180396070760495
2025-03-26,4.75,-0.690659621574064,-0.690659621574064
2025-03-30,5.75,-0.49543524449612447,-0.49543524449612447
2025-03-31,9.25,0.18785007527666392,0.18785007527666392
2025-04-01,7.0,-0.2514047731487,-0.2514047731487
2025-04-02,23.75,3.0186035429067872,3.0186035429067872
2025-04-03,17.25,1.7496450919001802,1.7496450919001802
2025-04-06,14.75,1.2615841492053315,1.2615841492053315
2025-04-07,38.25,5.84935701053691,5.84935701053691
2025-04-08,32.5,4.726816842338757,4.726816842338757
2025-04-09,19.5,2.1888999403255442,2.1888999403255442
2025-04-13,9.25,0.18785007527666392,0.18785007527666392
2025-04-15,11.5,0.6271049237020279,0.6271049237020279
2025-04-16,10.25,0.38307445235460347,0.38307445235460347
2025-04-17,6.25,-0.39782305595715467,-0.39782305595715467
2025-04-20,2.5,-1.129914469999428,-1.129914469999428
2025-04-21,9.75,0.28546226381563367,0.28546226381563367
2025-04-22,8.0,-0.056180396070760495,-0.056180396070760495
2025-04-23,11.5,0.6271049237020279,0.6271049237020279
2025-04-24,8.0,-0.056180396070760495,-0.056180396070760495
2025-04-27,2.25,-1.178720564268913,-1.178720564268913
2025-04-28,10.5,0.4318805466240883,0.4318805466240883
2025-04-29,9.5,0.2366561695461488,0.2366561695461488
2025-05-01,14.5,1.2127780549358465,1.2127780549358465
2025-05-04,3.5,-0.9346900929214884,-0.9346900929214884
2025-05-05,8.5,0.04143179246820927,0.04143179246820927
2025-05-06,8.5,0.04143179246820927,0.04143179246820927
2025-05-07,9.0,0.13904398100717905,0.13904398100717905
2025-05-09,5.505981445312727,-0.5430736148304064,-0.5430736148304064
2025-05-11,2.0,-1.2275266585383977,-1.2275266585383977
2025-05-14,11.5,0.6271049237020279,0.6271049237020279
2025-05-18,5.25,-0.5930474330350942,-0.5930474330350942
2025-05-19,12.0,0.7247171122409977,0.7247171122409977
2025-05-20,7.5,-0.15379258460973028,-0.15379258460973028
2025-05-21,10.25,0.38307445235460347,0.38307445235460347
2025-05-22,10.75,0.4806866408935732,0.4806866408935732
2025-05-23,10.5,0.4318805466240883,0.4318805466240883
2025-05-25,5.0,-0.6418535273045791,-0.6418535273045791
2025-05-26,7.0,-0.2514047731487,-0.2514047731487
2025-05-27,6.25,-0.39782305595715467,-0.39782305595715467
2025-05-28,10.75,0.4806866408935732,0.4806866408935732
2025-06-01,4.0,-0.8370779043825186,-0.8370779043825186
2025-06-02,6.25,-0.39782305595715467,-0.39782305595715467
2025-06-03,7.5,-0.15379258460973028,-0.15379258460973028
2025-06-04,13.25,0.9687475835884221,0.9687475835884221
2025-06-05,11.5,0.6271049237020279,0.6271049237020279
2025-06-08,2.75,-1.0811083757299431,-1.0811083757299431
