Date,"Volatility of Returns (Session:US Mid 10-15 ET, Interval:1m, Symbol:ZN)",ZScore wrt All Days,ZScore wrt Given Days
2024-09-30,6.0,0.2403886647943078,0.2403886647943078
2024-10-01,6.5,0.4192825548737927,0.4192825548737927
2024-10-02,2.0,-1.190762455841571,-1.190762455841571
2024-10-03,4.25,-0.38573995048388926,-0.38573995048388926
2024-10-07,2.5,-1.0118685657620863,-1.0118685657620863
2024-10-08,4.25,-0.38573995048388926,-0.38573995048388926
2024-10-09,1.75,-1.2802094008813136,-1.2802094008813136
2024-10-14,2.75,-0.9224216207223438,-0.9224216207223438
2024-10-16,3.0,-0.8329746756826014,-0.8329746756826014
2024-10-17,1.75,-1.2802094008813136,-1.2802094008813136
2024-10-18,2.0,-1.190762455841571,-1.190762455841571
2024-10-21,4.5,-0.29629300544414683,-0.29629300544414683
2024-10-22,3.0,-0.8329746756826014,-0.8329746756826014
2024-10-23,3.5,-0.6540807856031166,-0.6540807856031166
2024-10-24,5.0,-0.11739911536466194,-0.11739911536466194
2024-10-28,5.75,0.15094171975456536,0.15094171975456536
2024-10-29,6.75,0.5087294999135351,0.5087294999135351
2024-11-04,7.25,0.68762338999302,0.68762338999302
2024-11-05,7.75,0.8665172800725048,0.8665172800725048
2024-11-06,6.75,0.5087294999135351,0.5087294999135351
2024-11-07,5.5,0.061494774714822925,0.061494774714822925
2024-11-11,2.0,-1.190762455841571,-1.190762455841571
2024-11-15,10.5,1.8504336755096715,1.8504336755096715
2024-11-18,5.5,0.061494774714822925,0.061494774714822925
2024-11-19,3.0,-0.8329746756826014,-0.8329746756826014
2024-11-20,2.75,-0.9224216207223438,-0.9224216207223438
2024-11-21,7.0,0.5981764449532775,0.5981764449532775
2024-11-25,5.25,-0.02795217032491951,-0.02795217032491951
2024-11-26,2.75,-0.9224216207223438,-0.9224216207223438
2024-11-28,4.5,-0.29629300544414683,-0.29629300544414683
2024-11-29,5.75,0.15094171975456536,0.15094171975456536
2024-12-02,8.75,1.2243050602314745,1.2243050602314745
2024-12-03,6.25,0.3298356098340502,0.3298356098340502
2024-12-04,6.5,0.4192825548737927,0.4192825548737927
2024-12-05,6.5,0.4192825548737927,0.4192825548737927
2024-12-10,5.5,0.061494774714822925,0.061494774714822925
2024-12-13,4.5,-0.29629300544414683,-0.29629300544414683
2024-12-16,3.5,-0.6540807856031166,-0.6540807856031166
2024-12-17,2.25,-1.1013155108018287,-1.1013155108018287
2024-12-18,15.5,3.6393725763045204,3.6393725763045204
2024-12-23,4.75,-0.20684606040440437,-0.20684606040440437
2024-12-24,4.5,-0.29629300544414683,-0.29629300544414683
2024-12-26,7.25,0.68762338999302,0.68762338999302
2024-12-27,5.0,-0.11739911536466194,-0.11739911536466194
2024-12-30,2.75,-0.9224216207223438,-0.9224216207223438
2024-12-31,6.75,0.5087294999135351,0.5087294999135351
2025-01-02,7.5,0.7770703350327623,0.7770703350327623
2025-01-03,4.0,-0.4751868955236317,-0.4751868955236317
2025-01-06,4.5,-0.29629300544414683,-0.29629300544414683
2025-01-07,3.75,-0.5646338405633741,-0.5646338405633741
2025-01-08,3.0,-0.8329746756826014,-0.8329746756826014
2025-01-09,2.5,-1.0118685657620863,-1.0118685657620863
2025-01-16,10.0,1.6715397854301868,1.6715397854301868
2025-01-17,3.75,-0.5646338405633741,-0.5646338405633741
2025-01-20,2.75,-0.9224216207223438,-0.9224216207223438
2025-01-21,3.25,-0.7435277306428589,-0.7435277306428589
2025-01-22,5.5,0.061494774714822925,0.061494774714822925
2025-01-23,3.25,-0.7435277306428589,-0.7435277306428589
2025-01-27,4.5,-0.29629300544414683,-0.29629300544414683
2025-01-28,4.0,-0.4751868955236317,-0.4751868955236317
2025-01-29,8.75,1.2243050602314745,1.2243050602314745
2025-02-03,6.25,0.3298356098340502,0.3298356098340502
2025-02-04,3.25,-0.7435277306428589,-0.7435277306428589
2025-02-05,3.5,-0.6540807856031166,-0.6540807856031166
2025-02-06,4.25,-0.38573995048388926,-0.38573995048388926
2025-02-11,2.5,-1.0118685657620863,-1.0118685657620863
2025-02-14,3.25,-0.7435277306428589,-0.7435277306428589
2025-02-17,1.0,-1.5485502360005408,-1.5485502360005408
2025-02-18,4.0,-0.4751868955236317,-0.4751868955236317
2025-02-19,3.25,-0.7435277306428589,-0.7435277306428589
2025-02-20,1.75,-1.2802094008813136,-1.2802094008813136
2025-02-24,3.5,-0.6540807856031166,-0.6540807856031166
2025-02-25,4.0,-0.4751868955236317,-0.4751868955236317
2025-02-26,8.75,1.2243050602314745,1.2243050602314745
2025-03-03,4.75,-0.20684606040440437,-0.20684606040440437
2025-03-04,13.25,2.8343500709468383,2.8343500709468383
2025-03-05,7.0,0.5981764449532775,0.5981764449532775
2025-03-06,7.5,0.7770703350327623,0.7770703350327623
2025-03-11,12.0,2.3871153457481262,2.3871153457481262
2025-03-17,6.5,0.4192825548737927,0.4192825548737927
2025-03-18,5.5,0.061494774714822925,0.061494774714822925
2025-03-19,8.75,1.2243050602314745,1.2243050602314745
2025-03-20,6.0,0.2403886647943078,0.2403886647943078
2025-03-21,5.0,-0.11739911536466194,-0.11739911536466194
2025-03-24,2.5,-1.0118685657620863,-1.0118685657620863
2025-03-25,3.75,-0.5646338405633741,-0.5646338405633741
2025-03-26,3.5,-0.6540807856031166,-0.6540807856031166
2025-03-31,5.75,0.15094171975456536,0.15094171975456536
2025-04-01,4.0,-0.4751868955236317,-0.4751868955236317
2025-04-02,10.25,1.7609867304699292,1.7609867304699292
2025-04-03,6.25,0.3298356098340502,0.3298356098340502
2025-04-07,15.75,3.7288195213442625,3.7288195213442625
2025-04-08,12.0,2.3871153457481262,2.3871153457481262
2025-04-09,14.25,3.192137851105808,3.192137851105808
2025-04-15,7.5,0.7770703350327623,0.7770703350327623
2025-04-16,8.75,1.2243050602314745,1.2243050602314745
2025-04-17,5.75,0.15094171975456536,0.15094171975456536
2025-04-21,7.75,0.8665172800725048,0.8665172800725048
2025-04-22,3.75,-0.5646338405633741,-0.5646338405633741
2025-04-23,9.25,1.4031989503109594,1.4031989503109594
2025-04-24,4.0,-0.4751868955236317,-0.4751868955236317
2025-04-28,6.75,0.5087294999135351,0.5087294999135351
2025-04-29,3.5,-0.6540807856031166,-0.6540807856031166
2025-05-01,6.25,0.3298356098340502,0.3298356098340502
2025-05-05,4.0,-0.4751868955236317,-0.4751868955236317
2025-05-06,5.5,0.061494774714822925,0.061494774714822925
2025-05-07,5.5,0.061494774714822925,0.061494774714822925
2025-05-09,4.25,-0.38573995048388926,-0.38573995048388926
2025-05-14,5.5,0.061494774714822925,0.061494774714822925
2025-05-19,5.25,-0.02795217032491951,-0.02795217032491951
2025-05-20,4.25,-0.38573995048388926,-0.38573995048388926
2025-05-21,8.0,0.9559642251122472,0.9559642251122472
2025-05-22,5.75,0.15094171975456536,0.15094171975456536
2025-05-23,2.5,-1.0118685657620863,-1.0118685657620863
2025-05-26,1.25,-1.4591032909607984,-1.4591032909607984
2025-05-27,4.25,-0.38573995048388926,-0.38573995048388926
2025-05-28,3.25,-0.7435277306428589,-0.7435277306428589
2025-06-02,5.25,-0.02795217032491951,-0.02795217032491951
2025-06-03,4.25,-0.38573995048388926,-0.38573995048388926
2025-06-04,4.5,-0.29629300544414683,-0.29629300544414683
2025-06-05,7.5,0.7770703350327623,0.7770703350327623
2025-06-10,3.75,-0.5646338405633741,-0.5646338405633741
2025-06-16,5.0,-0.11739911536466194,-0.11739911536466194
2025-06-17,6.5,0.4192825548737927,0.4192825548737927
2025-06-18,6.0,0.2403886647943078,0.2403886647943078
2025-06-19,1.25,-1.4591032909607984,-1.4591032909607984
2025-06-20,7.5,0.7770703350327623,0.7770703350327623
2025-06-23,1.75,-1.2802094008813136,-1.2802094008813136
