Datetime,Close,High,Low,Open,Volume
2025-05-08 04:00:00+00:00,111.421875,111.453125,111.421875,111.4375,650.0
2025-05-08 04:15:00+00:00,111.4375,111.4375,111.421875,111.421875,1819.0
2025-05-08 04:30:00+00:00,111.40625,111.4375,111.40625,111.4375,1014.0
2025-05-08 04:45:00+00:00,111.40625,111.421875,111.390625,111.40625,1609.0
2025-05-08 05:00:00+00:00,111.375,111.40625,111.375,111.390625,2903.0
2025-05-08 05:15:00+00:00,111.375,111.390625,111.359375,111.375,4004.0
2025-05-08 05:30:00+00:00,111.421875,111.4375,111.375,111.375,5416.0
2025-05-08 05:45:00+00:00,111.40625,111.421875,111.40625,111.421875,1694.0
2025-05-08 06:00:00+00:00,111.40625,111.4375,111.40625,111.40625,3556.0
2025-05-08 06:15:00+00:00,111.40625,111.421875,111.390625,111.40625,2825.0
2025-05-08 06:30:00+00:00,111.390625,111.40625,111.375,111.390625,4783.0
2025-05-08 06:45:00+00:00,111.40625,111.421875,111.390625,111.390625,4856.0
2025-05-08 07:00:00+00:00,111.390625,111.40625,111.375,111.40625,10234.0
2025-05-08 07:15:00+00:00,111.390625,111.421875,111.359375,111.390625,8173.0
2025-05-08 07:30:00+00:00,111.390625,111.421875,111.375,111.375,7566.0
2025-05-08 07:45:00+00:00,111.390625,111.421875,111.375,111.390625,7471.0
2025-05-08 08:00:00+00:00,111.359375,111.40625,111.359375,111.375,14446.0
2025-05-08 08:15:00+00:00,111.359375,111.375,111.34375,111.34375,7092.0
2025-05-08 08:30:00+00:00,111.375,111.390625,111.34375,111.375,4326.0
2025-05-08 08:45:00+00:00,111.328125,111.359375,111.3125,111.359375,8040.0
2025-05-08 09:00:00+00:00,111.328125,111.328125,111.3125,111.328125,2677.0
2025-05-08 09:15:00+00:00,111.28125,111.3125,111.28125,111.3125,9239.0
2025-05-08 09:30:00+00:00,111.28125,111.296875,111.25,111.296875,14495.0
2025-05-08 09:45:00+00:00,111.25,111.28125,111.25,111.265625,7129.0
2025-05-08 10:00:00+00:00,111.265625,111.28125,111.25,111.265625,6198.0
2025-05-08 10:15:00+00:00,111.296875,111.3125,111.28099822998047,111.28099822998047,10805.0
2025-05-08 10:30:00+00:00,111.296875,111.296875,111.265625,111.296875,6425.0
2025-05-08 10:45:00+00:00,111.296875,111.3125,111.28125,111.3125,7093.0
2025-05-08 11:00:00+00:00,111.28125,111.3125,111.234375,111.296875,27274.0
2025-05-08 11:15:00+00:00,111.296875,111.328125,111.25,111.28125,19242.0
2025-05-08 11:30:00+00:00,111.3125,111.328125,111.296875,111.296875,15439.0
2025-05-08 11:45:00+00:00,111.328125,111.359375,111.296875,111.328125,13132.0
2025-05-08 12:00:00+00:00,111.375,111.375,111.296875,111.34375,18764.0
2025-05-08 12:15:00+00:00,111.375,111.390625,111.296875,111.375,28281.0
2025-05-08 12:30:00+00:00,111.3125,111.375,111.203125,111.359375,76326.0
2025-05-08 12:45:00+00:00,111.375,111.375,111.296875,111.328125,28024.0
2025-05-08 13:00:00+00:00,111.421875,111.421875,111.375,111.375,28103.0
2025-05-08 13:15:00+00:00,111.4375,111.4375,111.359375,111.40625,28372.0
2025-05-08 13:30:00+00:00,111.390625,111.46875,111.375,111.4375,38836.0
2025-05-08 13:45:00+00:00,111.3125,111.40625,111.265625,111.390625,31767.0
2025-05-08 14:00:00+00:00,111.3125,111.34375,111.28125,111.3125,23689.0
2025-05-08 14:15:00+00:00,111.203125,111.328125,111.203125,111.328125,28836.0
2025-05-08 14:30:00+00:00,111.21875,111.25,111.171875,111.21875,42346.0
2025-05-08 14:45:00+00:00,111.265625,111.28125,111.203125,111.21875,34964.0
2025-05-08 15:00:00+00:00,111.265625,111.28125,111.21875,111.25,23956.0
2025-05-08 15:15:00+00:00,111.15625,111.265625,111.125,111.25,45132.0
2025-05-08 15:30:00+00:00,111.09375,111.203125,111.078125,111.15625,42251.0
2025-05-08 15:45:00+00:00,111.0625,111.125,111.0625,111.09375,43339.0
2025-05-08 16:00:00+00:00,111.078125,111.09375,111.046875,111.078125,42596.0
2025-05-08 16:15:00+00:00,110.953125,111.0625,110.9375,111.0625,51470.0
2025-05-08 16:30:00+00:00,110.953125,110.984375,110.921875,110.9375,46033.0
2025-05-08 16:45:00+00:00,110.90625,110.96875,110.890625,110.953125,42170.0
2025-05-08 17:00:00+00:00,110.84375,110.921875,110.78125,110.90625,71464.0
2025-05-08 17:15:00+00:00,110.8125,110.859375,110.8125,110.84375,44127.0
2025-05-08 17:30:00+00:00,110.75,110.828125,110.75,110.8125,59307.0
2025-05-08 17:45:00+00:00,110.765625,110.78125,110.703125,110.75,65611.0
2025-05-08 18:00:00+00:00,110.78125,110.8125,110.765625,110.765625,28948.0
2025-05-08 18:15:00+00:00,110.796875,110.8125,110.75,110.78125,23373.0
2025-05-08 18:30:00+00:00,110.796875,110.84375,110.78125,110.796875,37203.0
2025-05-08 18:45:00+00:00,110.796875,110.84375,110.78125,110.8125,65058.0
2025-05-08 19:00:00+00:00,110.828125,110.859375,110.796875,110.796875,43481.0
2025-05-08 19:15:00+00:00,110.75,110.859375,110.734375,110.84375,46216.0
2025-05-08 19:30:00+00:00,110.8125,110.8125,110.734375,110.75,36122.0
2025-05-08 19:45:00+00:00,110.75,110.828125,110.734375,110.8125,48955.0
2025-05-08 20:00:00+00:00,110.734375,110.765625,110.71875,110.734375,31536.0
2025-05-08 20:15:00+00:00,110.75,110.765625,110.6875,110.734375,41526.0
2025-05-08 20:30:00+00:00,110.796875,110.796875,110.734375,110.75,11029.0
2025-05-08 20:45:00+00:00,110.796875,110.828125,110.78125,110.796875,12517.0
2025-05-08 22:00:00+00:00,110.796875,110.8125,110.75,110.765625,2981.0
2025-05-08 22:15:00+00:00,110.765625,110.796875,110.765625,110.796875,2610.0
2025-05-08 22:30:00+00:00,110.765625,110.78125,110.75,110.765625,2032.0
2025-05-08 22:45:00+00:00,110.796875,110.796875,110.75,110.765625,1292.0
2025-05-08 23:00:00+00:00,110.78125,110.8125,110.78125,110.8125,1048.0
2025-05-08 23:15:00+00:00,110.796875,110.796875,110.765625,110.78125,1047.0
2025-05-08 23:30:00+00:00,110.796875,110.796875,110.78125,110.78125,2258.0
2025-05-08 23:45:00+00:00,110.796875,110.796875,110.765625,110.796875,2440.0
2025-05-09 00:00:00+00:00,110.8125,110.859375,110.796875,110.796875,6704.0
2025-05-09 00:15:00+00:00,110.84375,110.84375,110.78125,110.8125,3420.0
2025-05-09 00:30:00+00:00,110.828125,110.84375,110.828125,110.84375,1327.0
2025-05-09 00:45:00+00:00,110.859375,110.859375,110.8125,110.84375,2273.0
2025-05-09 01:00:00+00:00,110.859375,110.859375,110.828125,110.84375,4026.0
2025-05-09 01:15:00+00:00,110.84375,110.875,110.84375,110.84375,4644.0
2025-05-09 01:30:00+00:00,110.859375,110.859375,110.84375,110.859375,3529.0
2025-05-09 01:45:00+00:00,110.859375,110.875,110.84375,110.859375,4219.0
2025-05-09 02:00:00+00:00,110.875,110.875,110.859375,110.859375,4076.0
2025-05-09 02:15:00+00:00,110.859375,110.875,110.84375,110.859375,3833.0
2025-05-09 02:30:00+00:00,110.859375,110.875,110.84375,110.84375,3025.0
2025-05-09 02:45:00+00:00,110.890625,110.890625,110.859375,110.859375,1616.0
2025-05-09 03:00:00+00:00,110.90625,110.9375,110.890625,110.890625,12802.0
2025-05-09 03:15:00+00:00,110.90625,110.921875,110.890625,110.90625,2292.0
2025-05-09 03:30:00+00:00,110.875,110.90625,110.875,110.890625,76428.0
2025-05-09 03:45:00+00:00,110.890625,110.90625,110.875,110.875,1143.0
2025-05-09 04:00:00+00:00,110.921875,110.921875,110.875,110.890625,2421.0
2025-05-09 04:15:00+00:00,110.90625,110.921875,110.90625,110.90625,3622.0
2025-05-09 04:30:00+00:00,110.921875,110.9375,110.890625,110.90625,2502.0
2025-05-09 04:45:00+00:00,110.890625,110.921875,110.890625,110.90625,2413.0
2025-05-09 05:00:00+00:00,110.890625,110.890625,110.859375,110.875,1932.0
2025-05-09 05:15:00+00:00,110.890625,110.90625,110.875,110.890625,2032.0
2025-05-09 05:30:00+00:00,110.875,110.875,110.859375,110.875,2653.0
2025-05-09 05:45:00+00:00,110.890625,110.90625,110.890625,110.890625,2600.0
2025-05-09 06:00:00+00:00,110.890625,110.890625,110.875,110.890625,5802.0
2025-05-09 06:15:00+00:00,110.875,110.890625,110.84375,110.890625,6679.0
2025-05-09 06:30:00+00:00,110.90625,110.90625,110.859375,110.875,7539.0
2025-05-09 06:45:00+00:00,110.859375,110.90625,110.84375,110.90625,6089.0
2025-05-09 07:00:00+00:00,110.8125,110.859375,110.796875,110.859375,11985.0
2025-05-09 07:15:00+00:00,110.796875,110.84375,110.765625,110.8125,12802.0
2025-05-09 07:30:00+00:00,110.78125,110.8125,110.765625,110.796875,9352.0
2025-05-09 07:45:00+00:00,110.78125,110.8125,110.765625,110.78125,11248.0
2025-05-09 08:00:00+00:00,110.828125,110.84375,110.75,110.78125,19064.0
2025-05-09 08:15:00+00:00,110.84375,110.859375,110.81199645996094,110.81199645996094,11091.0
2025-05-09 08:30:00+00:00,110.875,110.890625,110.84375,110.859375,9735.0
2025-05-09 08:45:00+00:00,110.859375,110.90625,110.859375,110.875,7551.0
2025-05-09 09:00:00+00:00,110.875,110.875,110.84375,110.859375,5429.0
2025-05-09 09:15:00+00:00,110.828125,110.859375,110.8125,110.859375,13093.0
2025-05-09 09:30:00+00:00,110.875,110.875,110.828125,110.84375,5176.0
2025-05-09 09:45:00+00:00,110.84375,110.875,110.828125,110.859375,12519.0
2025-05-09 10:00:00+00:00,110.828125,110.859375,110.828125,110.828125,6029.0
2025-05-09 10:15:00+00:00,110.8125,110.828125,110.8125,110.8280029296875,8647.0
2025-05-09 10:30:00+00:00,110.796875,110.8125,110.78125,110.8125,6246.0
2025-05-09 10:45:00+00:00,110.8125,110.828125,110.796875,110.796875,4101.0
2025-05-09 11:00:00+00:00,110.8125,110.84375,110.78125,110.8125,9473.0
2025-05-09 11:15:00+00:00,110.859375,110.921875,110.75,110.8125,47577.0
2025-05-09 11:30:00+00:00,110.90625,110.90625,110.828125,110.84375,22822.0
2025-05-09 11:45:00+00:00,110.828125,110.90625,110.828125,110.890625,17234.0
2025-05-09 12:00:00+00:00,110.734375,110.84375,110.734375,110.828125,37778.0
2025-05-09 12:15:00+00:00,110.8125,110.828125,110.734375,110.734375,29710.0
2025-05-09 12:30:00+00:00,110.765625,110.828125,110.734375,110.796875,37008.0
2025-05-09 12:45:00+00:00,110.78125,110.796875,110.734375,110.765625,22477.0
2025-05-09 13:00:00+00:00,110.875,110.890625,110.78125,110.78125,22092.0
2025-05-09 13:15:00+00:00,110.90625,110.953125,110.875,110.890625,37302.0
2025-05-09 13:30:00+00:00,110.953125,110.96875,110.890625,110.90625,30590.0
2025-05-09 13:45:00+00:00,110.984375,111.0,110.921875,110.953125,44141.0
2025-05-09 14:00:00+00:00,110.984375,111.0,110.921875,110.984375,38033.0
2025-05-09 14:15:00+00:00,111.078125,111.09375,110.984375,111.0,64595.0
2025-05-09 14:30:00+00:00,111.03125,111.078125,111.015625,111.078125,35859.0
2025-05-09 14:45:00+00:00,111.03125,111.046875,111.0,111.03125,18413.0
2025-05-09 15:00:00+00:00,110.984375,111.03125,110.9375,111.03125,26069.0
2025-05-09 15:15:00+00:00,110.96875,111.015625,110.9375,110.984375,23255.0
2025-05-09 15:30:00+00:00,110.921875,110.96875,110.90625,110.953125,28066.0
2025-05-09 15:45:00+00:00,110.875,110.9375,110.875,110.921875,21356.0
2025-05-09 16:00:00+00:00,110.9375,110.96875,110.875,110.875,22019.0
2025-05-09 16:15:00+00:00,110.9375,110.96875,110.9375,110.9375,17304.0
2025-05-09 16:30:00+00:00,110.890625,110.9375,110.875,110.9375,14967.0
2025-05-09 16:45:00+00:00,110.859375,110.921875,110.859375,110.890625,13083.0
2025-05-09 17:00:00+00:00,110.921875,110.921875,110.875,110.875,13332.0
2025-05-09 17:15:00+00:00,110.875,110.921875,110.875,110.90625,12803.0
2025-05-09 17:30:00+00:00,110.890625,110.890625,110.859375,110.875,7520.0
2025-05-09 17:45:00+00:00,110.890625,110.890625,110.84375,110.890625,14167.0
2025-05-09 18:00:00+00:00,110.875,110.890625,110.84375,110.890625,11487.0
2025-05-09 18:15:00+00:00,110.875,110.875,110.84375,110.859375,5956.0
2025-05-09 18:30:00+00:00,110.84375,110.875,110.84375,110.875,15960.0
2025-05-09 18:45:00+00:00,110.8125,110.859375,110.8125,110.84375,22509.0
2025-05-09 19:00:00+00:00,110.78125,110.828125,110.78125,110.8125,25226.0
2025-05-09 19:15:00+00:00,110.78125,110.796875,110.75,110.796875,16535.0
2025-05-09 19:30:00+00:00,110.78125,110.796875,110.765625,110.78125,10334.0
2025-05-09 19:45:00+00:00,110.78125,110.8125,110.75,110.765625,26464.0
2025-05-09 20:00:00+00:00,110.734375,110.8125,110.734375,110.796875,21584.0
2025-05-09 20:15:00+00:00,110.75,110.75,110.734375,110.75,5377.0
2025-05-09 20:30:00+00:00,110.75,110.765625,110.734375,110.734375,15559.0
2025-05-09 20:45:00+00:00,110.734375,110.765625,110.734375,110.75,14992.0
2025-05-11 22:00:00+00:00,110.53125,110.5625,110.5,110.5625,11373.0
2025-05-11 22:15:00+00:00,110.546875,110.5625,110.53125,110.546875,7475.0
2025-05-11 22:30:00+00:00,110.546875,110.578125,110.546875,110.546875,4797.0
2025-05-11 22:45:00+00:00,110.5625,110.578125,110.546875,110.546875,2281.0
2025-05-11 23:00:00+00:00,110.53125,110.578125,110.53125,110.578125,2791.0
2025-05-11 23:15:00+00:00,110.546875,110.5625,110.53125,110.53125,1614.0
2025-05-11 23:30:00+00:00,110.5625,110.578125,110.546875,110.546875,1331.0
2025-05-11 23:45:00+00:00,110.546875,110.578125,110.515625,110.5625,2904.0
2025-05-12 00:00:00+00:00,110.546875,110.5625,110.5,110.546875,2636.0
2025-05-12 00:15:00+00:00,110.5,110.53125,110.484375,110.53125,4444.0
2025-05-12 00:30:00+00:00,110.53125,110.546875,110.5,110.515625,2842.0
2025-05-12 00:45:00+00:00,110.546875,110.546875,110.515625,110.53125,2610.0
2025-05-12 01:00:00+00:00,110.546875,110.5625,110.53125,110.546875,4049.0
2025-05-12 01:15:00+00:00,110.515625,110.546875,110.5,110.546875,2890.0
2025-05-12 01:30:00+00:00,110.515625,110.515625,110.484375,110.515625,2628.0
2025-05-12 01:45:00+00:00,110.53125,110.53125,110.5,110.515625,1478.0
2025-05-12 02:00:00+00:00,110.5,110.53125,110.484375,110.515625,1644.0
2025-05-12 02:15:00+00:00,110.546875,110.546875,110.515625,110.515625,2939.0
2025-05-12 02:30:00+00:00,110.546875,110.5625,110.546875,110.546875,1389.0
2025-05-12 02:45:00+00:00,110.546875,110.5625,110.546875,110.546875,3220.0
2025-05-12 03:00:00+00:00,110.578125,110.578125,110.546875,110.5625,1752.0
2025-05-12 03:15:00+00:00,110.578125,110.59375,110.5625,110.578125,4068.0
2025-05-12 03:30:00+00:00,110.546875,110.578125,110.546875,110.578125,367.0
2025-05-12 03:45:00+00:00,110.59375,110.609375,110.546875,110.546875,2828.0
2025-05-12 04:00:00+00:00,110.609375,110.609375,110.59375,110.609375,1839.0
2025-05-12 04:15:00+00:00,110.59375,110.609375,110.578125,110.609375,975.0
2025-05-12 04:30:00+00:00,110.578125,110.59375,110.578125,110.59375,373.0
2025-05-12 04:45:00+00:00,110.546875,110.59375,110.546875,110.578125,1761.0
2025-05-12 05:00:00+00:00,110.5625,110.5625,110.546875,110.5625,1454.0
2025-05-12 05:15:00+00:00,110.53125,110.5625,110.53125,110.5625,2351.0
2025-05-12 05:30:00+00:00,110.5,110.546875,110.484375,110.53125,2910.0
2025-05-12 05:45:00+00:00,110.46875,110.5,110.4375,110.5,7057.0
2025-05-12 06:00:00+00:00,110.453125,110.46875,110.4375,110.46875,7148.0
2025-05-12 06:15:00+00:00,110.453125,110.484375,110.421875,110.4375,6924.0
2025-05-12 06:30:00+00:00,110.4375,110.484375,110.421875,110.453125,11327.0
2025-05-12 06:45:00+00:00,110.421875,110.4375,110.40625,110.4375,8993.0
2025-05-12 07:00:00+00:00,110.34375,110.421875,110.265625,110.421875,94112.0
2025-05-12 07:15:00+00:00,110.28125,110.34375,110.25,110.34375,35462.0
2025-05-12 07:30:00+00:00,110.234375,110.34375,110.21875,110.265625,59773.0
2025-05-12 07:45:00+00:00,110.21875,110.265625,110.1875,110.234375,29658.0
2025-05-12 08:00:00+00:00,110.21875,110.234375,110.1875,110.21875,28776.0
2025-05-12 08:15:00+00:00,110.3125,110.3125,110.1875,110.234375,22904.0
2025-05-12 08:30:00+00:00,110.28125,110.3125,110.25,110.3125,14376.0
2025-05-12 08:45:00+00:00,110.265625,110.328125,110.25,110.28125,21146.0
2025-05-12 09:00:00+00:00,110.296875,110.296875,110.234375,110.25,19498.0
2025-05-12 09:15:00+00:00,110.3125,110.34375,110.296875,110.296875,22493.0
2025-05-12 09:30:00+00:00,110.265625,110.34375,110.25,110.3125,17463.0
2025-05-12 09:45:00+00:00,110.25,110.28125,110.234375,110.265625,14746.0
2025-05-12 10:00:00+00:00,110.234375,110.265625,110.203125,110.25,11582.0
2025-05-12 10:15:00+00:00,110.171875,110.203125,110.15625,110.18800354003906,19061.0
2025-05-12 10:30:00+00:00,110.15625,110.1875,110.140625,110.171875,14695.0
2025-05-12 10:45:00+00:00,110.09375,110.171875,110.078125,110.15625,30319.0
2025-05-12 11:00:00+00:00,110.203125,110.203125,110.078125,110.109375,135606.0
2025-05-12 11:15:00+00:00,110.1875,110.25,110.15625,110.203125,31002.0
2025-05-12 11:30:00+00:00,110.28125,110.28125,110.171875,110.1875,64527.0
2025-05-12 11:45:00+00:00,110.28125,110.3125,110.25,110.265625,45449.0
2025-05-12 12:00:00+00:00,110.140625,110.28125,110.140625,110.28125,53059.0
2025-05-12 12:15:00+00:00,110.171875,110.1875,110.109375,110.140625,48848.0
2025-05-12 12:30:00+00:00,110.171875,110.203125,110.109375,110.171875,26553.0
2025-05-12 12:45:00+00:00,110.109375,110.1875,110.09375,110.1875,41606.0
2025-05-12 13:00:00+00:00,110.078125,110.140625,110.0625,110.125,51496.0
2025-05-12 13:15:00+00:00,110.078125,110.109375,110.046875,110.09375,37410.0
2025-05-12 13:30:00+00:00,110.203125,110.203125,110.078125,110.078125,57399.0
2025-05-12 13:45:00+00:00,110.1875,110.203125,110.15625,110.1875,38865.0
2025-05-12 14:00:00+00:00,110.21875,110.234375,110.15625,110.171875,41097.0
2025-05-12 14:15:00+00:00,110.25,110.265625,110.1875,110.21875,36814.0
2025-05-12 14:30:00+00:00,110.28125,110.3125,110.234375,110.25,42414.0
2025-05-12 14:45:00+00:00,110.296875,110.3125,110.265625,110.296875,46104.0
2025-05-12 15:00:00+00:00,110.265625,110.296875,110.234375,110.28125,31480.0
2025-05-12 15:15:00+00:00,110.328125,110.34375,110.234375,110.25,39322.0
2025-05-12 15:30:00+00:00,110.328125,110.34375,110.265625,110.3125,41071.0
2025-05-12 15:45:00+00:00,110.296875,110.328125,110.296875,110.328125,19738.0
2025-05-12 16:00:00+00:00,110.234375,110.3125,110.21875,110.3125,31697.0
2025-05-12 16:15:00+00:00,110.21875,110.25,110.203125,110.21875,23044.0
2025-05-12 16:30:00+00:00,110.234375,110.25,110.1875,110.21875,26496.0
2025-05-12 16:45:00+00:00,110.203125,110.265625,110.1875,110.234375,22661.0
2025-05-12 17:00:00+00:00,110.1875,110.234375,110.1875,110.203125,20016.0
2025-05-12 17:15:00+00:00,110.15625,110.203125,110.140625,110.1875,18046.0
2025-05-12 17:30:00+00:00,110.171875,110.1875,110.15625,110.15625,16162.0
2025-05-12 17:45:00+00:00,110.15625,110.1875,110.140625,110.171875,18538.0
2025-05-12 18:00:00+00:00,110.140625,110.171875,110.140625,110.15625,12036.0
2025-05-12 18:15:00+00:00,110.15625,110.171875,110.125,110.140625,16123.0
2025-05-12 18:30:00+00:00,110.140625,110.171875,110.125,110.15625,16899.0
2025-05-12 18:45:00+00:00,110.171875,110.1875,110.125,110.15625,69349.0
2025-05-12 19:00:00+00:00,110.1875,110.1875,110.140625,110.171875,44071.0
2025-05-12 19:15:00+00:00,110.1875,110.203125,110.171875,110.1875,11873.0
2025-05-12 19:30:00+00:00,110.140625,110.1875,110.125,110.1875,26810.0
2025-05-12 19:45:00+00:00,110.125,110.15625,110.109375,110.140625,35831.0
2025-05-12 20:00:00+00:00,110.078125,110.125,110.046875,110.109375,39060.0
2025-05-12 20:15:00+00:00,110.0625,110.09375,110.0625,110.09375,28284.0
2025-05-12 20:30:00+00:00,110.09375,110.109375,110.0625,110.078125,19655.0
2025-05-12 20:45:00+00:00,110.078125,110.125,110.078125,110.109375,20457.0
2025-05-12 22:00:00+00:00,110.09375,110.109375,110.0625,110.078125,2275.0
2025-05-12 22:15:00+00:00,110.09375,110.109375,110.09375,110.09375,151.0
2025-05-12 22:30:00+00:00,110.109375,110.125,110.09375,110.09375,338.0
2025-05-12 22:45:00+00:00,110.109375,110.125,110.09375,110.109375,873.0
2025-05-12 23:00:00+00:00,110.09375,110.109375,110.09375,110.109375,186.0
2025-05-12 23:15:00+00:00,110.109375,110.109375,110.09375,110.09375,229.0
2025-05-12 23:30:00+00:00,110.109375,110.140625,110.09375,110.09375,2519.0
2025-05-12 23:45:00+00:00,110.125,110.140625,110.109375,110.125,2513.0
2025-05-13 00:00:00+00:00,110.1875,110.1875,110.109375,110.109375,4756.0
2025-05-13 00:15:00+00:00,110.171875,110.203125,110.171875,110.171875,5981.0
2025-05-13 00:30:00+00:00,110.21875,110.234375,110.1875,110.1875,4326.0
2025-05-13 00:45:00+00:00,110.21875,110.25,110.203125,110.21875,3252.0
2025-05-13 01:00:00+00:00,110.234375,110.234375,110.203125,110.21875,4595.0
2025-05-13 01:15:00+00:00,110.21875,110.234375,110.203125,110.234375,2117.0
2025-05-13 01:30:00+00:00,110.203125,110.234375,110.203125,110.21875,4337.0
2025-05-13 01:45:00+00:00,110.21875,110.234375,110.203125,110.203125,2977.0
2025-05-13 02:00:00+00:00,110.21875,110.234375,110.203125,110.21875,2076.0
2025-05-13 02:15:00+00:00,110.1875,110.21875,110.171875,110.203125,1810.0
2025-05-13 02:30:00+00:00,110.203125,110.203125,110.171875,110.1875,1209.0
2025-05-13 02:45:00+00:00,110.203125,110.21875,110.1875,110.203125,1666.0
2025-05-13 03:00:00+00:00,110.203125,110.21875,110.1875,110.203125,2095.0
2025-05-13 03:15:00+00:00,110.21875,110.21875,110.1875,110.203125,3031.0
2025-05-13 03:30:00+00:00,110.21875,110.21875,110.203125,110.21875,2448.0
2025-05-13 03:45:00+00:00,110.234375,110.234375,110.203125,110.21875,770.0
2025-05-13 04:00:00+00:00,110.234375,110.25,110.21875,110.234375,3073.0
2025-05-13 04:15:00+00:00,110.21875,110.234375,110.203125,110.21875,3010.0
2025-05-13 04:30:00+00:00,110.203125,110.21875,110.203125,110.21875,3738.0
2025-05-13 04:45:00+00:00,110.171875,110.203125,110.15625,110.203125,9392.0
2025-05-13 05:00:00+00:00,110.125,110.171875,110.09375,110.171875,16486.0
2025-05-13 05:15:00+00:00,110.15625,110.15625,110.125,110.125,2609.0
2025-05-13 05:30:00+00:00,110.1875,110.1875,110.140625,110.15625,3606.0
2025-05-13 05:45:00+00:00,110.171875,110.203125,110.171875,110.1875,5138.0
2025-05-13 06:00:00+00:00,110.203125,110.21875,110.171875,110.171875,7453.0
2025-05-13 06:15:00+00:00,110.21875,110.21875,110.15625,110.1875,7888.0
2025-05-13 06:30:00+00:00,110.1875,110.21875,110.15625,110.203125,6839.0
2025-05-13 06:45:00+00:00,110.1875,110.21875,110.1875,110.1875,5478.0
2025-05-13 07:00:00+00:00,110.171875,110.21875,110.171875,110.1875,13902.0
2025-05-13 07:15:00+00:00,110.15625,110.1875,110.140625,110.171875,7866.0
2025-05-13 07:30:00+00:00,110.203125,110.203125,110.109375,110.140625,16559.0
2025-05-13 07:45:00+00:00,110.21875,110.25,110.1875,110.1875,15537.0
2025-05-13 08:00:00+00:00,110.234375,110.25,110.203125,110.21875,13153.0
2025-05-13 08:15:00+00:00,110.25,110.265625,110.203125,110.21875,10872.0
2025-05-13 08:30:00+00:00,110.234375,110.28125,110.234375,110.25,9598.0
2025-05-13 08:45:00+00:00,110.265625,110.28125,110.234375,110.25,6809.0
2025-05-13 09:00:00+00:00,110.25,110.28125,110.21875,110.25,11377.0
2025-05-13 09:15:00+00:00,110.234375,110.28125,110.234375,110.25,7952.0
2025-05-13 09:30:00+00:00,110.234375,110.25,110.21875,110.234375,6483.0
2025-05-13 09:45:00+00:00,110.234375,110.25,110.21875,110.21875,5086.0
2025-05-13 10:00:00+00:00,110.265625,110.265625,110.203125,110.21875,5624.0
2025-05-13 10:15:00+00:00,110.265625,110.28125,110.25,110.25,7545.0
2025-05-13 10:30:00+00:00,110.234375,110.28125,110.21875,110.265625,9166.0
2025-05-13 10:45:00+00:00,110.1875,110.21875,110.171875,110.21875,15278.0
2025-05-13 11:00:00+00:00,110.21875,110.234375,110.171875,110.171875,12164.0
2025-05-13 11:15:00+00:00,110.25,110.25,110.21875,110.21875,13969.0
2025-05-13 11:30:00+00:00,110.21875,110.25,110.1875,110.25,9734.0
2025-05-13 11:45:00+00:00,110.265625,110.28125,110.203125,110.21875,21098.0
2025-05-13 12:00:00+00:00,110.28125,110.296875,110.234375,110.265625,37846.0
2025-05-13 12:15:00+00:00,110.265625,110.296875,110.21875,110.265625,48965.0
2025-05-13 12:30:00+00:00,110.3125,110.46875,110.21875,110.265625,132516.0
2025-05-13 12:45:00+00:00,110.25,110.328125,110.1875,110.3125,62239.0
2025-05-13 13:00:00+00:00,110.359375,110.359375,110.234375,110.25,49007.0
2025-05-13 13:15:00+00:00,110.28125,110.359375,110.265625,110.34375,28077.0
2025-05-13 13:30:00+00:00,110.25,110.328125,110.234375,110.28125,47293.0
2025-05-13 13:45:00+00:00,110.15625,110.234375,110.125,110.234375,51427.0
2025-05-13 14:00:00+00:00,110.109375,110.15625,110.09375,110.15625,52395.0
2025-05-13 14:15:00+00:00,110.09375,110.125,110.046875,110.109375,37477.0
2025-05-13 14:30:00+00:00,110.15625,110.15625,110.0625,110.09375,45963.0
2025-05-13 14:45:00+00:00,110.1875,110.21875,110.140625,110.140625,26884.0
2025-05-13 15:00:00+00:00,110.140625,110.21875,110.140625,110.203125,24461.0
2025-05-13 15:15:00+00:00,110.125,110.15625,110.078125,110.140625,34856.0
2025-05-13 15:30:00+00:00,109.984375,110.109375,109.984375,110.109375,40671.0
2025-05-13 15:45:00+00:00,109.96875,110.015625,109.953125,109.984375,49587.0
2025-05-13 16:00:00+00:00,109.984375,110.03125,109.953125,109.96875,28721.0
2025-05-13 16:15:00+00:00,109.984375,110.015625,109.96875,109.984375,16215.0
2025-05-13 16:30:00+00:00,110.015625,110.046875,109.984375,110.0,18391.0
2025-05-13 16:45:00+00:00,110.015625,110.03125,109.984375,110.015625,18885.0
2025-05-13 17:00:00+00:00,110.046875,110.046875,110.0,110.015625,16554.0
2025-05-13 17:15:00+00:00,109.953125,110.046875,109.953125,110.046875,11899.0
2025-05-13 17:30:00+00:00,109.984375,110.0,109.9375,109.953125,10570.0
2025-05-13 17:45:00+00:00,110.0,110.0,109.953125,110.0,12993.0
2025-05-13 18:00:00+00:00,109.96875,110.015625,109.96875,109.984375,15464.0
2025-05-13 18:15:00+00:00,109.953125,109.984375,109.9375,109.96875,30275.0
2025-05-13 18:30:00+00:00,110.0,110.015625,109.9375,109.953125,28581.0
2025-05-13 18:45:00+00:00,109.984375,110.015625,109.953125,110.0,47062.0
2025-05-13 19:00:00+00:00,109.953125,109.984375,109.9375,109.96875,19287.0
2025-05-13 19:15:00+00:00,109.96875,110.015625,109.953125,109.953125,18939.0
2025-05-13 19:30:00+00:00,109.96875,109.984375,109.953125,109.96875,10727.0
2025-05-13 19:45:00+00:00,110.046875,110.0625,109.96875,109.96875,35752.0
2025-05-13 20:00:00+00:00,110.078125,110.09375,110.03125,110.046875,24313.0
2025-05-13 20:15:00+00:00,110.09375,110.140625,110.078125,110.078125,16753.0
2025-05-13 20:30:00+00:00,110.140625,110.140625,110.0625,110.09375,7580.0
2025-05-13 20:45:00+00:00,110.140625,110.140625,110.109375,110.140625,12733.0
2025-05-13 22:00:00+00:00,110.109375,110.15625,110.09375,110.140625,1653.0
2025-05-13 22:15:00+00:00,110.109375,110.125,110.109375,110.109375,346.0
2025-05-13 22:30:00+00:00,110.125,110.125,110.109375,110.109375,1114.0
2025-05-13 22:45:00+00:00,110.125,110.125,110.109375,110.125,283.0
2025-05-13 23:00:00+00:00,110.09375,110.125,110.09375,110.125,1353.0
2025-05-13 23:15:00+00:00,110.09375,110.109375,110.078125,110.09375,1550.0
2025-05-13 23:30:00+00:00,110.125,110.125,110.09375,110.109375,1810.0
2025-05-13 23:45:00+00:00,110.078125,110.125,110.0625,110.109375,1398.0
2025-05-14 00:00:00+00:00,110.078125,110.09375,110.0625,110.078125,3462.0
2025-05-14 00:15:00+00:00,110.109375,110.125,110.046875,110.078125,2233.0
2025-05-14 00:30:00+00:00,110.109375,110.109375,110.09375,110.109375,3555.0
2025-05-14 00:45:00+00:00,110.09375,110.109375,110.078125,110.09375,2396.0
2025-05-14 01:00:00+00:00,110.09375,110.109375,110.09375,110.09375,3106.0
2025-05-14 01:15:00+00:00,110.09375,110.109375,110.078125,110.09375,2359.0
2025-05-14 01:30:00+00:00,110.046875,110.09375,110.046875,110.078125,1673.0
2025-05-14 01:45:00+00:00,110.09375,110.09375,110.03125,110.046875,4911.0
2025-05-14 02:00:00+00:00,110.125,110.140625,110.09375,110.09375,5888.0
2025-05-14 02:15:00+00:00,110.171875,110.171875,110.125,110.125,4333.0
2025-05-14 02:30:00+00:00,110.171875,110.1875,110.15625,110.171875,3363.0
2025-05-14 02:45:00+00:00,110.140625,110.1875,110.140625,110.171875,2885.0
2025-05-14 03:00:00+00:00,110.15625,110.15625,110.109375,110.15625,2023.0
2025-05-14 03:15:00+00:00,110.15625,110.15625,110.140625,110.15625,1501.0
2025-05-14 03:30:00+00:00,110.140625,110.171875,110.140625,110.171875,1642.0
2025-05-14 03:45:00+00:00,110.109375,110.15625,110.109375,110.140625,984.0
2025-05-14 04:00:00+00:00,110.140625,110.140625,110.109375,110.125,919.0
2025-05-14 04:15:00+00:00,110.140625,110.15625,110.125,110.140625,926.0
2025-05-14 04:30:00+00:00,110.15625,110.171875,110.140625,110.15625,2366.0
2025-05-14 04:45:00+00:00,110.15625,110.171875,110.15625,110.15625,441.0
2025-05-14 05:00:00+00:00,110.15625,110.1875,110.15625,110.171875,4879.0
2025-05-14 05:15:00+00:00,110.15625,110.15625,110.140625,110.140625,556.0
2025-05-14 05:30:00+00:00,110.140625,110.15625,110.125,110.15625,1734.0
2025-05-14 05:45:00+00:00,110.140625,110.15625,110.109375,110.140625,3125.0
2025-05-14 06:00:00+00:00,110.140625,110.140625,110.109375,110.140625,3850.0
2025-05-14 06:15:00+00:00,110.109375,110.140625,110.109375,110.125,3796.0
2025-05-14 06:30:00+00:00,110.09375,110.109375,110.078125,110.109375,6845.0
2025-05-14 06:45:00+00:00,110.140625,110.140625,110.09375,110.09375,10473.0
2025-05-14 07:00:00+00:00,110.140625,110.140625,110.09375,110.140625,9532.0
2025-05-14 07:15:00+00:00,110.1875,110.1875,110.125,110.125,9365.0
2025-05-14 07:30:00+00:00,110.140625,110.203125,110.125,110.1875,16799.0
2025-05-14 07:45:00+00:00,110.109375,110.15625,110.109375,110.140625,5693.0
2025-05-14 08:00:00+00:00,110.140625,110.15625,110.09375,110.125,6842.0
2025-05-14 08:15:00+00:00,110.109375,110.15625,110.109375,110.14099884033203,9626.0
2025-05-14 08:30:00+00:00,110.140625,110.15625,110.125,110.125,9927.0
2025-05-14 08:45:00+00:00,110.140625,110.15625,110.09375,110.125,14087.0
2025-05-14 09:00:00+00:00,110.1875,110.1875,110.125,110.140625,13327.0
2025-05-14 09:15:00+00:00,110.21875,110.234375,110.171875,110.171875,17266.0
2025-05-14 09:30:00+00:00,110.265625,110.28125,110.1875,110.203125,20329.0
2025-05-14 09:45:00+00:00,110.265625,110.296875,110.25,110.265625,16818.0
2025-05-14 10:00:00+00:00,110.265625,110.28125,110.25,110.28125,6489.0
2025-05-14 10:15:00+00:00,110.234375,110.265625,110.234375,110.25,18238.0
2025-05-14 10:30:00+00:00,110.21875,110.25,110.21875,110.234375,7606.0
2025-05-14 10:45:00+00:00,110.25,110.25,110.203125,110.21875,4568.0
2025-05-14 11:00:00+00:00,110.203125,110.25,110.203125,110.234375,14301.0
2025-05-14 11:15:00+00:00,110.1875,110.265625,110.1875,110.203125,9670.0
2025-05-14 11:30:00+00:00,110.15625,110.203125,110.15625,110.1875,16494.0
2025-05-14 11:45:00+00:00,110.140625,110.15625,110.109375,110.140625,17052.0
2025-05-14 12:00:00+00:00,110.046875,110.140625,110.046875,110.125,38422.0
2025-05-14 12:15:00+00:00,110.078125,110.09375,110.03125,110.046875,28595.0
2025-05-14 12:30:00+00:00,110.03125,110.09375,110.015625,110.09375,36429.0
2025-05-14 12:45:00+00:00,110.015625,110.0625,110.0,110.03125,24085.0
2025-05-14 13:00:00+00:00,109.96875,110.03125,109.9375,110.03125,52766.0
2025-05-14 13:15:00+00:00,110.0,110.046875,109.953125,109.96875,36091.0
2025-05-14 13:30:00+00:00,110.015625,110.046875,109.984375,110.0,40612.0
2025-05-14 13:45:00+00:00,109.984375,110.09375,109.984375,110.03125,41599.0
2025-05-14 14:00:00+00:00,110.015625,110.03125,109.96875,110.0,39873.0
2025-05-14 14:15:00+00:00,110.03125,110.046875,109.984375,110.015625,27670.0
2025-05-14 14:30:00+00:00,109.953125,110.03125,109.953125,110.015625,34971.0
2025-05-14 14:45:00+00:00,109.90625,109.984375,109.875,109.953125,73710.0
2025-05-14 15:00:00+00:00,109.890625,109.921875,109.875,109.890625,64511.0
2025-05-14 15:15:00+00:00,109.84375,109.890625,109.828125,109.890625,53572.0
2025-05-14 15:30:00+00:00,109.78125,109.859375,109.765625,109.84375,49064.0
2025-05-14 15:45:00+00:00,109.796875,109.828125,109.765625,109.796875,41734.0
2025-05-14 16:00:00+00:00,109.78125,109.828125,109.734375,109.8125,34636.0
2025-05-14 16:15:00+00:00,109.78125,109.796875,109.734375,109.78125,26209.0
2025-05-14 16:30:00+00:00,109.75,109.8125,109.734375,109.78125,33998.0
2025-05-14 16:45:00+00:00,109.71875,109.765625,109.71875,109.75,22263.0
2025-05-14 17:00:00+00:00,109.765625,109.78125,109.734375,109.734375,14178.0
2025-05-14 17:15:00+00:00,109.78125,109.78125,109.71875,109.75,33063.0
2025-05-14 17:30:00+00:00,109.796875,109.8125,109.78125,109.796875,20134.0
2025-05-14 17:45:00+00:00,109.765625,109.8125,109.75,109.796875,29306.0
2025-05-14 18:00:00+00:00,109.734375,109.796875,109.734375,109.765625,25262.0
2025-05-14 18:15:00+00:00,109.75,109.765625,109.734375,109.75,14800.0
2025-05-14 18:30:00+00:00,109.765625,109.78125,109.75,109.75,19548.0
2025-05-14 18:45:00+00:00,109.734375,109.78125,109.703125,109.765625,98131.0
2025-05-14 19:00:00+00:00,109.671875,109.734375,109.65625,109.71875,87198.0
2025-05-14 19:15:00+00:00,109.671875,109.703125,109.65625,109.671875,42755.0
2025-05-14 19:30:00+00:00,109.65625,109.6875,109.65625,109.6875,16858.0
2025-05-14 19:45:00+00:00,109.6875,109.703125,109.625,109.671875,62811.0
2025-05-14 20:00:00+00:00,109.65625,109.703125,109.640625,109.703125,27602.0
2025-05-14 20:15:00+00:00,109.625,109.65625,109.609375,109.640625,17597.0
2025-05-14 20:30:00+00:00,109.625,109.65625,109.625,109.625,20071.0
2025-05-14 20:45:00+00:00,109.65625,109.65625,109.625,109.640625,6542.0
2025-05-14 22:00:00+00:00,109.671875,109.6875,109.640625,109.65625,5791.0
2025-05-14 22:15:00+00:00,109.6875,109.6875,109.671875,109.6875,902.0
2025-05-14 22:30:00+00:00,109.6875,109.6875,109.65625,109.671875,834.0
2025-05-14 22:45:00+00:00,109.671875,109.6875,109.65625,109.6875,2133.0
2025-05-14 23:00:00+00:00,109.65625,109.671875,109.65625,109.65625,1405.0
2025-05-14 23:15:00+00:00,109.640625,109.671875,109.625,109.671875,3039.0
2025-05-14 23:30:00+00:00,109.625,109.640625,109.625,109.640625,2625.0
2025-05-14 23:45:00+00:00,109.625,109.65625,109.625,109.640625,2624.0
2025-05-15 00:00:00+00:00,109.609375,109.640625,109.578125,109.625,5840.0
2025-05-15 00:15:00+00:00,109.640625,109.640625,109.59375,109.609375,7999.0
2025-05-15 00:30:00+00:00,109.625,109.65625,109.625,109.640625,3433.0
2025-05-15 00:45:00+00:00,109.65625,109.671875,109.625,109.625,4685.0
2025-05-15 01:00:00+00:00,109.65625,109.6875,109.65625,109.671875,2982.0
2025-05-15 01:15:00+00:00,109.671875,109.671875,109.65625,109.671875,1991.0
2025-05-15 01:30:00+00:00,109.671875,109.671875,109.625,109.65625,6392.0
2025-05-15 01:45:00+00:00,109.65625,109.671875,109.625,109.65625,4080.0
2025-05-15 02:00:00+00:00,109.671875,109.671875,109.640625,109.65625,3400.0
2025-05-15 02:15:00+00:00,109.671875,109.6875,109.640625,109.671875,4586.0
2025-05-15 02:30:00+00:00,109.671875,109.671875,109.625,109.671875,2586.0
2025-05-15 02:45:00+00:00,109.671875,109.6875,109.65625,109.65625,1355.0
2025-05-15 03:00:00+00:00,109.671875,109.671875,109.640625,109.65625,1808.0
2025-05-15 03:15:00+00:00,109.65625,109.671875,109.65625,109.65625,249.0
2025-05-15 03:30:00+00:00,109.671875,109.671875,109.65625,109.65625,4763.0
2025-05-15 03:45:00+00:00,109.703125,109.703125,109.671875,109.671875,2697.0
2025-05-15 04:00:00+00:00,109.671875,109.703125,109.671875,109.6875,5105.0
2025-05-15 04:15:00+00:00,109.6875,109.6875,109.671875,109.671875,884.0
2025-05-15 04:30:00+00:00,109.65625,109.6875,109.65625,109.671875,791.0
2025-05-15 04:45:00+00:00,109.65625,109.6875,109.65625,109.671875,1242.0
2025-05-15 05:00:00+00:00,109.640625,109.65625,109.625,109.65625,4249.0
2025-05-15 05:15:00+00:00,109.640625,109.671875,109.640625,109.640625,1601.0
2025-05-15 05:30:00+00:00,109.65625,109.65625,109.640625,109.640625,449.0
2025-05-15 05:45:00+00:00,109.6875,109.703125,109.640625,109.640625,9519.0
2025-05-15 06:00:00+00:00,109.703125,109.703125,109.65625,109.6875,4910.0
2025-05-15 06:15:00+00:00,109.703125,109.71875,109.671875,109.703125,6873.0
2025-05-15 06:30:00+00:00,109.71875,109.75,109.6875,109.703125,11564.0
2025-05-15 06:45:00+00:00,109.765625,109.78125,109.71875,109.71875,12318.0
2025-05-15 07:00:00+00:00,109.78125,109.796875,109.734375,109.75,13968.0
2025-05-15 07:15:00+00:00,109.78125,109.8125,109.765625,109.78125,12234.0
2025-05-15 07:30:00+00:00,109.78125,109.8125,109.765625,109.78125,13040.0
2025-05-15 07:45:00+00:00,109.796875,109.8125,109.765625,109.78125,4599.0
2025-05-15 08:00:00+00:00,109.859375,109.859375,109.765625,109.796875,15800.0
2025-05-15 08:15:00+00:00,109.828125,109.859375,109.828125,109.84375,8991.0
2025-05-15 08:30:00+00:00,109.859375,109.875,109.828125,109.828125,13027.0
2025-05-15 08:45:00+00:00,109.84375,109.859375,109.828125,109.84375,8567.0
2025-05-15 09:00:00+00:00,109.859375,109.875,109.828125,109.84375,6704.0
2025-05-15 09:15:00+00:00,109.84375,109.859375,109.828125,109.84375,5016.0
2025-05-15 09:30:00+00:00,109.859375,109.859375,109.828125,109.84375,5480.0
2025-05-15 09:45:00+00:00,109.84375,109.875,109.84375,109.84375,4136.0
2025-05-15 10:00:00+00:00,109.8125,109.859375,109.8125,109.84375,5866.0
2025-05-15 10:15:00+00:00,109.8125,109.8125,109.78125,109.7969970703125,8743.0
2025-05-15 10:30:00+00:00,109.796875,109.828125,109.796875,109.8125,5544.0
2025-05-15 10:45:00+00:00,109.828125,109.859375,109.78125,109.796875,11519.0
2025-05-15 11:00:00+00:00,109.828125,109.84375,109.796875,109.828125,15065.0
2025-05-15 11:15:00+00:00,109.84375,109.84375,109.796875,109.828125,8610.0
2025-05-15 11:30:00+00:00,109.8125,109.828125,109.78125,109.828125,12380.0
2025-05-15 11:45:00+00:00,109.796875,109.828125,109.796875,109.8125,15149.0
2025-05-15 12:00:00+00:00,109.8125,109.84375,109.796875,109.796875,22695.0
2025-05-15 12:15:00+00:00,109.796875,109.828125,109.734375,109.8125,65341.0
2025-05-15 12:30:00+00:00,109.859375,109.984375,109.78125,109.796875,162940.0
2025-05-15 12:45:00+00:00,109.859375,109.890625,109.671875,109.859375,118472.0
2025-05-15 13:00:00+00:00,110.09375,110.109375,109.859375,109.859375,122700.0
2025-05-15 13:15:00+00:00,110.078125,110.140625,110.03125,110.09375,68994.0
2025-05-15 13:30:00+00:00,110.109375,110.15625,110.015625,110.078125,69572.0
2025-05-15 13:45:00+00:00,110.046875,110.109375,110.03125,110.109375,37376.0
2025-05-15 14:00:00+00:00,110.046875,110.078125,110.015625,110.046875,30790.0
2025-05-15 14:15:00+00:00,110.0,110.09375,109.96875,110.046875,43168.0
2025-05-15 14:30:00+00:00,110.0,110.015625,109.953125,110.015625,38130.0
2025-05-15 14:45:00+00:00,110.09375,110.109375,110.0,110.0,36403.0
2025-05-15 15:00:00+00:00,110.171875,110.203125,110.078125,110.09375,53820.0
2025-05-15 15:15:00+00:00,110.1875,110.203125,110.140625,110.1875,30503.0
2025-05-15 15:30:00+00:00,110.15625,110.21875,110.15625,110.1875,24856.0
2025-05-15 15:45:00+00:00,110.203125,110.203125,110.171875,110.171875,16212.0
2025-05-15 16:00:00+00:00,110.28125,110.296875,110.1875,110.203125,46690.0
2025-05-15 16:15:00+00:00,110.34375,110.34375,110.28125,110.28125,42667.0
2025-05-15 16:30:00+00:00,110.3125,110.34375,110.28125,110.34375,31637.0
2025-05-15 16:45:00+00:00,110.328125,110.34375,110.296875,110.3125,21662.0
2025-05-15 17:00:00+00:00,110.328125,110.34375,110.296875,110.328125,20759.0
2025-05-15 17:15:00+00:00,110.328125,110.34375,110.3125,110.3125,11901.0
2025-05-15 17:30:00+00:00,110.28125,110.328125,110.265625,110.328125,30135.0
2025-05-15 17:45:00+00:00,110.28125,110.296875,110.25,110.28125,20623.0
2025-05-15 18:00:00+00:00,110.265625,110.296875,110.25,110.28125,23715.0
2025-05-15 18:15:00+00:00,110.234375,110.28125,110.234375,110.265625,12936.0
2025-05-15 18:30:00+00:00,110.25,110.28125,110.234375,110.25,12132.0
2025-05-15 18:45:00+00:00,110.265625,110.265625,110.21875,110.265625,65109.0
2025-05-15 19:00:00+00:00,110.265625,110.28125,110.25,110.265625,18890.0
2025-05-15 19:15:00+00:00,110.296875,110.328125,110.265625,110.28125,15804.0
2025-05-15 19:30:00+00:00,110.3125,110.3125,110.28125,110.296875,7517.0
2025-05-15 19:45:00+00:00,110.296875,110.328125,110.28125,110.296875,34091.0
2025-05-15 20:00:00+00:00,110.34375,110.34375,110.296875,110.3125,26585.0
2025-05-15 20:15:00+00:00,110.375,110.375,110.328125,110.34375,17896.0
2025-05-15 20:30:00+00:00,110.421875,110.421875,110.359375,110.375,18436.0
2025-05-15 20:45:00+00:00,110.375,110.40625,110.359375,110.40625,28580.0
2025-05-15 22:00:00+00:00,110.40625,110.40625,110.34375,110.359375,4378.0
2025-05-15 22:15:00+00:00,110.390625,110.4375,110.390625,110.40625,2776.0
2025-05-15 22:30:00+00:00,110.390625,110.40625,110.375,110.390625,588.0
2025-05-15 22:45:00+00:00,110.375,110.40625,110.375,110.375,1867.0
2025-05-15 23:00:00+00:00,110.390625,110.40625,110.375,110.375,1012.0
2025-05-15 23:15:00+00:00,110.359375,110.375,110.34375,110.375,1737.0
2025-05-15 23:30:00+00:00,110.3125,110.375,110.3125,110.359375,3947.0
2025-05-15 23:45:00+00:00,110.328125,110.328125,110.3125,110.3125,1336.0
2025-05-16 00:00:00+00:00,110.359375,110.375,110.3125,110.3125,7790.0
2025-05-16 00:15:00+00:00,110.40625,110.40625,110.3125,110.34375,8422.0
2025-05-16 00:30:00+00:00,110.421875,110.453125,110.40625,110.40625,7546.0
2025-05-16 00:45:00+00:00,110.46875,110.484375,110.4375,110.4375,15624.0
2025-05-16 01:00:00+00:00,110.421875,110.484375,110.421875,110.46875,6238.0
2025-05-16 01:15:00+00:00,110.421875,110.4375,110.40625,110.421875,3492.0
2025-05-16 01:30:00+00:00,110.453125,110.46875,110.421875,110.421875,2844.0
2025-05-16 01:45:00+00:00,110.453125,110.46875,110.4375,110.453125,3368.0
2025-05-16 02:00:00+00:00,110.46875,110.46875,110.40625,110.453125,7863.0
2025-05-16 02:15:00+00:00,110.421875,110.453125,110.421875,110.453125,1485.0
2025-05-16 02:30:00+00:00,110.4375,110.453125,110.421875,110.4375,2585.0
2025-05-16 02:45:00+00:00,110.4375,110.453125,110.421875,110.4375,1139.0
2025-05-16 03:00:00+00:00,110.453125,110.46875,110.4375,110.453125,1539.0
2025-05-16 03:15:00+00:00,110.46875,110.46875,110.453125,110.46875,2886.0
2025-05-16 03:30:00+00:00,110.453125,110.46875,110.4375,110.453125,1429.0
2025-05-16 03:45:00+00:00,110.4375,110.46875,110.4375,110.46875,3517.0
2025-05-16 04:00:00+00:00,110.421875,110.453125,110.40625,110.4375,3106.0
2025-05-16 04:15:00+00:00,110.421875,110.421875,110.40625,110.40625,2057.0
2025-05-16 04:30:00+00:00,110.421875,110.4375,110.421875,110.421875,1658.0
2025-05-16 04:45:00+00:00,110.421875,110.4375,110.40625,110.4375,2126.0
2025-05-16 05:00:00+00:00,110.453125,110.453125,110.4375,110.4375,1636.0
2025-05-16 05:15:00+00:00,110.453125,110.453125,110.421875,110.4375,1480.0
2025-05-16 05:30:00+00:00,110.46875,110.46875,110.4375,110.453125,1330.0
2025-05-16 05:45:00+00:00,110.46875,110.46875,110.453125,110.46875,976.0
2025-05-16 06:00:00+00:00,110.53125,110.53125,110.453125,110.46875,20216.0
2025-05-16 06:15:00+00:00,110.546875,110.5625,110.515625,110.53125,13281.0
2025-05-16 06:30:00+00:00,110.578125,110.59375,110.53125,110.546875,13218.0
2025-05-16 06:45:00+00:00,110.609375,110.625,110.578125,110.578125,11326.0
2025-05-16 07:00:00+00:00,110.59375,110.609375,110.546875,110.609375,196859.0
2025-05-16 07:15:00+00:00,110.5625,110.59375,110.546875,110.59375,14361.0
2025-05-16 07:30:00+00:00,110.5625,110.59375,110.546875,110.578125,14674.0
2025-05-16 07:45:00+00:00,110.515625,110.5625,110.515625,110.5625,12002.0
2025-05-16 08:00:00+00:00,110.53125,110.53125,110.484375,110.53125,17056.0
2025-05-16 08:15:00+00:00,110.53125,110.546875,110.515625,110.53125,7785.0
2025-05-16 08:30:00+00:00,110.515625,110.53125,110.484375,110.515625,8471.0
2025-05-16 08:45:00+00:00,110.515625,110.53125,110.5,110.515625,11240.0
2025-05-16 09:00:00+00:00,110.515625,110.53125,110.5,110.5,6864.0
2025-05-16 09:15:00+00:00,110.578125,110.59375,110.515625,110.53125,16332.0
2025-05-16 09:30:00+00:00,110.59375,110.625,110.5625,110.578125,10005.0
2025-05-16 09:45:00+00:00,110.5625,110.625,110.5625,110.59375,15133.0
2025-05-16 10:00:00+00:00,110.5625,110.578125,110.546875,110.5625,5538.0
2025-05-16 10:15:00+00:00,110.546875,110.578125,110.546875,110.5780029296875,10811.0
2025-05-16 10:30:00+00:00,110.515625,110.5625,110.515625,110.546875,7191.0
2025-05-16 10:45:00+00:00,110.515625,110.546875,110.5,110.515625,4179.0
2025-05-16 11:00:00+00:00,110.5625,110.5625,110.5,110.5,8999.0
2025-05-16 11:15:00+00:00,110.609375,110.609375,110.546875,110.5625,21485.0
2025-05-16 11:30:00+00:00,110.578125,110.609375,110.5625,110.609375,10823.0
2025-05-16 11:45:00+00:00,110.5625,110.578125,110.53125,110.578125,14662.0
2025-05-16 12:00:00+00:00,110.546875,110.5625,110.515625,110.5625,22289.0
2025-05-16 12:15:00+00:00,110.609375,110.625,110.53125,110.546875,34895.0
2025-05-16 12:30:00+00:00,110.65625,110.671875,110.546875,110.59375,38795.0
2025-05-16 12:45:00+00:00,110.625,110.65625,110.59375,110.65625,32824.0
2025-05-16 13:00:00+00:00,110.625,110.640625,110.578125,110.609375,23951.0
2025-05-16 13:15:00+00:00,110.65625,110.65625,110.609375,110.625,28009.0
2025-05-16 13:30:00+00:00,110.625,110.671875,110.59375,110.640625,38409.0
2025-05-16 13:45:00+00:00,110.609375,110.625,110.578125,110.609375,27974.0
2025-05-16 14:00:00+00:00,110.546875,110.625,110.515625,110.609375,51111.0
2025-05-16 14:15:00+00:00,110.484375,110.5625,110.453125,110.546875,43099.0
2025-05-16 14:30:00+00:00,110.421875,110.484375,110.390625,110.46875,42699.0
2025-05-16 14:45:00+00:00,110.359375,110.421875,110.3125,110.40625,59520.0
2025-05-16 15:00:00+00:00,110.421875,110.453125,110.34375,110.34375,60450.0
2025-05-16 15:15:00+00:00,110.390625,110.421875,110.375,110.421875,23600.0
2025-05-16 15:30:00+00:00,110.375,110.390625,110.34375,110.390625,23565.0
2025-05-16 15:45:00+00:00,110.34375,110.375,110.3125,110.375,19808.0
2025-05-16 16:00:00+00:00,110.421875,110.453125,110.34375,110.359375,45467.0
2025-05-16 16:15:00+00:00,110.421875,110.4375,110.375,110.40625,16716.0
2025-05-16 16:30:00+00:00,110.328125,110.4375,110.328125,110.421875,14030.0
2025-05-16 16:45:00+00:00,110.359375,110.375,110.328125,110.328125,10065.0
2025-05-16 17:00:00+00:00,110.34375,110.375,110.328125,110.375,9667.0
2025-05-16 17:15:00+00:00,110.328125,110.359375,110.3125,110.34375,15273.0
2025-05-16 17:30:00+00:00,110.359375,110.375,110.328125,110.34375,8247.0
2025-05-16 17:45:00+00:00,110.359375,110.375,110.34375,110.34375,27046.0
2025-05-16 18:00:00+00:00,110.34375,110.390625,110.34375,110.375,7059.0
2025-05-16 18:15:00+00:00,110.359375,110.375,110.328125,110.34375,17969.0
2025-05-16 18:30:00+00:00,110.34375,110.375,110.34375,110.359375,15280.0
2025-05-16 18:45:00+00:00,110.34375,110.375,110.3125,110.34375,73559.0
2025-05-16 19:00:00+00:00,110.390625,110.421875,110.34375,110.359375,29461.0
2025-05-16 19:15:00+00:00,110.375,110.40625,110.359375,110.390625,9110.0
2025-05-16 19:30:00+00:00,110.34375,110.390625,110.328125,110.359375,17814.0
2025-05-16 19:45:00+00:00,110.296875,110.359375,110.28125,110.34375,26295.0
2025-05-16 20:00:00+00:00,110.3125,110.328125,110.28125,110.28125,20007.0
2025-05-16 20:15:00+00:00,110.3125,110.328125,110.296875,110.296875,8222.0
2025-05-16 20:30:00+00:00,110.296875,110.328125,110.28125,110.296875,10335.0
2025-05-16 20:45:00+00:00,110.09375,110.296875,109.96875,110.296875,97147.0
2025-05-18 22:00:00+00:00,110.109375,110.125,109.96875,110.0,20406.0
2025-05-18 22:15:00+00:00,110.140625,110.140625,110.078125,110.109375,4927.0
2025-05-18 22:30:00+00:00,110.125,110.171875,110.125,110.140625,5877.0
2025-05-18 22:45:00+00:00,110.15625,110.15625,110.125,110.125,2378.0
2025-05-18 23:00:00+00:00,110.171875,110.1875,110.125,110.15625,2762.0
2025-05-18 23:15:00+00:00,110.15625,110.203125,110.15625,110.171875,3125.0
2025-05-18 23:30:00+00:00,110.125,110.15625,110.109375,110.140625,5760.0
2025-05-18 23:45:00+00:00,110.140625,110.15625,110.109375,110.140625,3793.0
2025-05-19 00:00:00+00:00,110.171875,110.1875,110.125,110.125,6909.0
2025-05-19 00:15:00+00:00,110.21875,110.25,110.171875,110.171875,8631.0
2025-05-19 00:30:00+00:00,110.1875,110.234375,110.171875,110.234375,4729.0
2025-05-19 00:45:00+00:00,110.15625,110.171875,110.125,110.171875,7546.0
2025-05-19 01:00:00+00:00,110.15625,110.1875,110.15625,110.171875,3963.0
2025-05-19 01:15:00+00:00,110.171875,110.1875,110.140625,110.15625,5403.0
2025-05-19 01:30:00+00:00,110.1875,110.203125,110.15625,110.1875,3035.0
2025-05-19 01:45:00+00:00,110.140625,110.1875,110.125,110.1875,4472.0
2025-05-19 02:00:00+00:00,110.125,110.15625,110.078125,110.15625,10686.0
2025-05-19 02:15:00+00:00,110.15625,110.15625,110.109375,110.125,3959.0
2025-05-19 02:30:00+00:00,110.109375,110.171875,110.109375,110.15625,6752.0
2025-05-19 02:45:00+00:00,110.0625,110.125,110.046875,110.109375,8892.0
2025-05-19 03:00:00+00:00,110.015625,110.0625,110.015625,110.0625,6068.0
2025-05-19 03:15:00+00:00,110.015625,110.03125,110.0,110.015625,5172.0
2025-05-19 03:30:00+00:00,109.953125,110.03125,109.953125,110.015625,15619.0
2025-05-19 03:45:00+00:00,109.953125,109.96875,109.921875,109.953125,11276.0
2025-05-19 04:00:00+00:00,109.953125,109.96875,109.9375,109.96875,5031.0
2025-05-19 04:15:00+00:00,109.9375,109.96875,109.9375,109.953125,3751.0
2025-05-19 04:30:00+00:00,109.921875,109.953125,109.921875,109.921875,2529.0
2025-05-19 04:45:00+00:00,109.90625,109.9375,109.890625,109.921875,10715.0
2025-05-19 05:00:00+00:00,109.984375,109.984375,109.90625,109.90625,6941.0
2025-05-19 05:15:00+00:00,109.984375,110.0,109.96875,109.984375,3153.0
2025-05-19 05:30:00+00:00,109.984375,110.03125,109.984375,109.984375,5098.0
2025-05-19 05:45:00+00:00,109.953125,109.984375,109.9375,109.984375,5185.0
2025-05-19 06:00:00+00:00,109.875,109.984375,109.859375,109.953125,23581.0
2025-05-19 06:15:00+00:00,109.921875,109.9375,109.875,109.875,17386.0
2025-05-19 06:30:00+00:00,109.9375,109.953125,109.90625,109.921875,14092.0
2025-05-19 06:45:00+00:00,109.953125,109.96875,109.875,109.953125,10847.0
2025-05-19 07:00:00+00:00,109.984375,109.984375,109.921875,109.953125,15693.0
2025-05-19 07:15:00+00:00,109.984375,110.0,109.9375,109.984375,18903.0
2025-05-19 07:30:00+00:00,109.984375,110.015625,109.96875,109.984375,12249.0
2025-05-19 07:45:00+00:00,109.921875,109.984375,109.921875,109.984375,10524.0
2025-05-19 08:00:00+00:00,109.921875,109.96875,109.921875,109.9375,8675.0
2025-05-19 08:15:00+00:00,109.84375,109.9375,109.828125,109.9219970703125,30144.0
2025-05-19 08:30:00+00:00,109.78125,109.859375,109.78125,109.828125,31191.0
2025-05-19 08:45:00+00:00,109.796875,109.8125,109.765625,109.78125,15124.0
2025-05-19 09:00:00+00:00,109.78125,109.828125,109.78125,109.8125,14112.0
2025-05-19 09:15:00+00:00,109.734375,109.796875,109.703125,109.796875,34229.0
2025-05-19 09:30:00+00:00,109.75,109.78125,109.71875,109.734375,21210.0
2025-05-19 09:45:00+00:00,109.78125,109.78125,109.734375,109.765625,11662.0
2025-05-19 10:00:00+00:00,109.78125,109.78125,109.75,109.765625,9769.0
2025-05-19 10:15:00+00:00,109.78125,109.796875,109.734375,109.75,19213.0
2025-05-19 10:30:00+00:00,109.75,109.8125,109.75,109.78125,9993.0
2025-05-19 10:45:00+00:00,109.734375,109.75,109.71875,109.75,13268.0
2025-05-19 11:00:00+00:00,109.734375,109.765625,109.703125,109.71875,12005.0
2025-05-19 11:15:00+00:00,109.640625,109.75,109.640625,109.734375,35643.0
2025-05-19 11:30:00+00:00,109.6875,109.703125,109.625,109.65625,20900.0
2025-05-19 11:45:00+00:00,109.75,109.765625,109.65625,109.6875,25617.0
2025-05-19 12:00:00+00:00,109.75,109.796875,109.71875,109.75,32332.0
2025-05-19 12:15:00+00:00,109.734375,109.796875,109.703125,109.765625,52184.0
2025-05-19 12:30:00+00:00,109.75,109.765625,109.65625,109.734375,61732.0
2025-05-19 12:45:00+00:00,109.671875,109.75,109.671875,109.734375,34743.0
2025-05-19 13:00:00+00:00,109.75,109.78125,109.640625,109.671875,40992.0
2025-05-19 13:15:00+00:00,109.828125,109.84375,109.75,109.75,82676.0
2025-05-19 13:30:00+00:00,109.890625,109.9375,109.796875,109.8125,54998.0
2025-05-19 13:45:00+00:00,109.921875,109.953125,109.875,109.90625,41187.0
2025-05-19 14:00:00+00:00,109.921875,109.9375,109.859375,109.921875,33816.0
2025-05-19 14:15:00+00:00,109.984375,110.015625,109.890625,109.921875,44214.0
2025-05-19 14:30:00+00:00,110.03125,110.046875,109.953125,109.96875,44285.0
2025-05-19 14:45:00+00:00,110.0625,110.09375,110.03125,110.03125,34097.0
2025-05-19 15:00:00+00:00,110.109375,110.109375,110.015625,110.0625,68177.0
2025-05-19 15:15:00+00:00,110.09375,110.140625,110.0625,110.09375,35905.0
2025-05-19 15:30:00+00:00,110.078125,110.125,110.0625,110.078125,29021.0
2025-05-19 15:45:00+00:00,110.015625,110.109375,110.0,110.078125,41437.0
2025-05-19 16:00:00+00:00,110.015625,110.046875,110.0,110.015625,9085.0
2025-05-19 16:15:00+00:00,110.0625,110.09375,110.015625,110.015625,18849.0
2025-05-19 16:30:00+00:00,110.09375,110.109375,110.046875,110.078125,18074.0
2025-05-19 16:45:00+00:00,110.09375,110.140625,110.09375,110.09375,21741.0
2025-05-19 17:00:00+00:00,110.046875,110.125,110.0,110.09375,36055.0
2025-05-19 17:15:00+00:00,110.125,110.15625,110.03125,110.03125,41681.0
2025-05-19 17:30:00+00:00,110.140625,110.171875,110.109375,110.140625,24421.0
2025-05-19 17:45:00+00:00,110.125,110.15625,110.09375,110.140625,20128.0
2025-05-19 18:00:00+00:00,110.09375,110.15625,110.078125,110.140625,38298.0
2025-05-19 18:15:00+00:00,110.140625,110.15625,110.09375,110.09375,16136.0
2025-05-19 18:30:00+00:00,110.15625,110.1875,110.109375,110.140625,13728.0
2025-05-19 18:45:00+00:00,110.15625,110.1875,110.125,110.15625,38396.0
2025-05-19 19:00:00+00:00,110.234375,110.25,110.140625,110.140625,39454.0
2025-05-19 19:15:00+00:00,110.265625,110.28125,110.21875,110.234375,38523.0
2025-05-19 19:30:00+00:00,110.25,110.265625,110.234375,110.25,11474.0
2025-05-19 19:45:00+00:00,110.25,110.265625,110.21875,110.234375,26096.0
2025-05-19 20:00:00+00:00,110.3125,110.328125,110.234375,110.234375,40258.0
2025-05-19 20:15:00+00:00,110.28125,110.328125,110.265625,110.3125,16578.0
2025-05-19 20:30:00+00:00,110.296875,110.3125,110.265625,110.28125,24209.0
2025-05-19 20:45:00+00:00,110.28125,110.3125,110.25,110.28125,11344.0
2025-05-19 22:00:00+00:00,110.25,110.28125,110.25,110.28125,2188.0
2025-05-19 22:15:00+00:00,110.25,110.265625,110.25,110.265625,740.0
2025-05-19 22:30:00+00:00,110.296875,110.296875,110.265625,110.265625,366.0
2025-05-19 22:45:00+00:00,110.296875,110.296875,110.28125,110.28125,1432.0
2025-05-19 23:00:00+00:00,110.28125,110.296875,110.28125,110.28125,453.0
2025-05-19 23:15:00+00:00,110.265625,110.296875,110.265625,110.296875,1952.0
2025-05-19 23:30:00+00:00,110.25,110.28125,110.234375,110.265625,2687.0
2025-05-19 23:45:00+00:00,110.28125,110.296875,110.25,110.265625,1620.0
2025-05-20 00:00:00+00:00,110.25,110.28125,110.21875,110.28125,5109.0
2025-05-20 00:15:00+00:00,110.234375,110.28125,110.203125,110.25,3306.0
2025-05-20 00:30:00+00:00,110.25,110.25,110.203125,110.234375,1853.0
2025-05-20 00:45:00+00:00,110.25,110.265625,110.234375,110.234375,2676.0
2025-05-20 01:00:00+00:00,110.296875,110.296875,110.25,110.25,7213.0
2025-05-20 01:15:00+00:00,110.359375,110.375,110.296875,110.296875,7076.0
2025-05-20 01:30:00+00:00,110.296875,110.359375,110.296875,110.34375,3359.0
2025-05-20 01:45:00+00:00,110.28125,110.296875,110.265625,110.296875,4465.0
2025-05-20 02:00:00+00:00,110.28125,110.296875,110.265625,110.28125,1752.0
2025-05-20 02:15:00+00:00,110.3125,110.328125,110.28125,110.28125,4447.0
2025-05-20 02:30:00+00:00,110.3125,110.328125,110.296875,110.296875,2314.0
2025-05-20 02:45:00+00:00,110.265625,110.3125,110.265625,110.3125,1500.0
2025-05-20 03:00:00+00:00,110.28125,110.28125,110.25,110.265625,4815.0
2025-05-20 03:15:00+00:00,110.28125,110.296875,110.28125,110.28125,813.0
2025-05-20 03:30:00+00:00,110.234375,110.296875,110.21875,110.296875,7669.0
2025-05-20 03:45:00+00:00,110.203125,110.25,110.203125,110.25,4126.0
2025-05-20 04:00:00+00:00,110.21875,110.25,110.21875,110.21875,2175.0
2025-05-20 04:15:00+00:00,110.21875,110.234375,110.203125,110.21875,2867.0
2025-05-20 04:30:00+00:00,110.265625,110.28125,110.21875,110.21875,2969.0
2025-05-20 04:45:00+00:00,110.234375,110.28125,110.234375,110.265625,1222.0
2025-05-20 05:00:00+00:00,110.21875,110.265625,110.21875,110.25,4725.0
2025-05-20 05:15:00+00:00,110.21875,110.21875,110.203125,110.21875,4713.0
2025-05-20 05:30:00+00:00,110.265625,110.265625,110.234375,110.234375,4084.0
2025-05-20 05:45:00+00:00,110.28125,110.328125,110.265625,110.265625,8817.0
2025-05-20 06:00:00+00:00,110.3125,110.3125,110.28125,110.296875,6976.0
2025-05-20 06:15:00+00:00,110.328125,110.34375,110.296875,110.3125,7369.0
2025-05-20 06:30:00+00:00,110.234375,110.328125,110.203125,110.3125,8967.0
2025-05-20 06:45:00+00:00,110.21875,110.234375,110.1875,110.234375,10408.0
2025-05-20 07:00:00+00:00,110.28125,110.296875,110.1875,110.21875,15122.0
2025-05-20 07:15:00+00:00,110.4375,110.453125,110.28125,110.28125,42299.0
2025-05-20 07:30:00+00:00,110.40625,110.4375,110.359375,110.4375,28367.0
2025-05-20 07:45:00+00:00,110.375,110.421875,110.359375,110.40625,14062.0
2025-05-20 08:00:00+00:00,110.359375,110.390625,110.328125,110.390625,8827.0
2025-05-20 08:15:00+00:00,110.359375,110.40625,110.359375,110.39099884033203,12492.0
2025-05-20 08:30:00+00:00,110.3125,110.375,110.3125,110.359375,10160.0
2025-05-20 08:45:00+00:00,110.390625,110.390625,110.3125,110.3125,6458.0
2025-05-20 09:00:00+00:00,110.359375,110.390625,110.359375,110.390625,8397.0
2025-05-20 09:15:00+00:00,110.328125,110.359375,110.3125,110.359375,6620.0
2025-05-20 09:30:00+00:00,110.265625,110.34375,110.265625,110.3125,10683.0
2025-05-20 09:45:00+00:00,110.28125,110.296875,110.25,110.265625,8571.0
2025-05-20 10:00:00+00:00,110.296875,110.296875,110.265625,110.28125,11385.0
2025-05-20 10:15:00+00:00,110.296875,110.3125,110.265625,110.28125,8339.0
2025-05-20 10:30:00+00:00,110.28125,110.3125,110.25,110.296875,11329.0
2025-05-20 10:45:00+00:00,110.265625,110.3125,110.25,110.28125,9038.0
2025-05-20 11:00:00+00:00,110.296875,110.296875,110.25,110.25,11126.0
2025-05-20 11:15:00+00:00,110.28125,110.3125,110.265625,110.296875,11004.0
2025-05-20 11:30:00+00:00,110.25,110.296875,110.203125,110.265625,23412.0
2025-05-20 11:45:00+00:00,110.28125,110.28125,110.25,110.25,13069.0
2025-05-20 12:00:00+00:00,110.203125,110.28125,110.203125,110.265625,14809.0
2025-05-20 12:15:00+00:00,110.15625,110.21875,110.125,110.203125,66824.0
2025-05-20 12:30:00+00:00,110.109375,110.171875,110.078125,110.15625,41595.0
2025-05-20 12:45:00+00:00,110.109375,110.140625,110.078125,110.109375,23433.0
2025-05-20 13:00:00+00:00,110.046875,110.125,110.046875,110.109375,66132.0
2025-05-20 13:15:00+00:00,110.015625,110.078125,110.0,110.046875,70175.0
2025-05-20 13:30:00+00:00,109.890625,110.03125,109.890625,110.015625,93011.0
2025-05-20 13:45:00+00:00,109.953125,109.984375,109.90625,109.90625,60570.0
2025-05-20 14:00:00+00:00,110.078125,110.078125,109.953125,109.953125,64151.0
2025-05-20 14:15:00+00:00,110.09375,110.09375,110.046875,110.078125,36814.0
2025-05-20 14:30:00+00:00,110.078125,110.140625,110.0625,110.09375,30146.0
2025-05-20 14:45:00+00:00,110.140625,110.15625,110.0625,110.0625,25423.0
2025-05-20 15:00:00+00:00,110.171875,110.1875,110.125,110.140625,61649.0
2025-05-20 15:15:00+00:00,110.1875,110.21875,110.171875,110.1875,45633.0
2025-05-20 15:30:00+00:00,110.140625,110.203125,110.125,110.1875,24140.0
2025-05-20 15:45:00+00:00,110.125,110.171875,110.125,110.140625,17911.0
2025-05-20 16:00:00+00:00,110.140625,110.171875,110.109375,110.140625,22482.0
2025-05-20 16:15:00+00:00,110.1875,110.203125,110.140625,110.140625,155623.0
2025-05-20 16:30:00+00:00,110.171875,110.1875,110.15625,110.1875,16511.0
2025-05-20 16:45:00+00:00,110.21875,110.21875,110.171875,110.1875,8388.0
2025-05-20 17:00:00+00:00,110.203125,110.234375,110.171875,110.21875,19795.0
2025-05-20 17:15:00+00:00,110.203125,110.25,110.203125,110.21875,14898.0
2025-05-20 17:30:00+00:00,110.21875,110.234375,110.1875,110.203125,12275.0
2025-05-20 17:45:00+00:00,110.21875,110.25,110.203125,110.21875,9293.0
2025-05-20 18:00:00+00:00,110.1875,110.21875,110.171875,110.203125,14144.0
2025-05-20 18:15:00+00:00,110.234375,110.234375,110.171875,110.1875,22769.0
2025-05-20 18:30:00+00:00,110.234375,110.25,110.171875,110.21875,22422.0
2025-05-20 18:45:00+00:00,110.203125,110.234375,110.171875,110.21875,29218.0
2025-05-20 19:00:00+00:00,110.1875,110.234375,110.171875,110.1875,23460.0
2025-05-20 19:15:00+00:00,110.1875,110.203125,110.171875,110.1875,22496.0
2025-05-20 19:30:00+00:00,110.21875,110.21875,110.171875,110.1875,15551.0
2025-05-20 19:45:00+00:00,110.171875,110.21875,110.125,110.21875,59798.0
2025-05-20 20:00:00+00:00,110.171875,110.203125,110.140625,110.171875,24683.0
2025-05-20 20:15:00+00:00,110.15625,110.1875,110.140625,110.1875,10169.0
2025-05-20 20:30:00+00:00,110.171875,110.1875,110.140625,110.140625,13512.0
2025-05-20 20:45:00+00:00,110.140625,110.1875,110.125,110.171875,56323.0
2025-05-20 22:00:00+00:00,110.28125,110.3125,110.125,110.140625,18909.0
2025-05-20 22:15:00+00:00,110.21875,110.328125,110.21875,110.28125,7795.0
2025-05-20 22:30:00+00:00,110.171875,110.234375,110.15625,110.21875,6289.0
2025-05-20 22:45:00+00:00,110.203125,110.21875,110.171875,110.171875,4465.0
2025-05-20 23:00:00+00:00,110.203125,110.21875,110.1875,110.203125,2233.0
2025-05-20 23:15:00+00:00,110.234375,110.234375,110.1875,110.203125,479.0
2025-05-20 23:30:00+00:00,110.203125,110.21875,110.1875,110.21875,1947.0
2025-05-20 23:45:00+00:00,110.21875,110.234375,110.171875,110.1875,4177.0
2025-05-21 00:00:00+00:00,110.203125,110.25,110.203125,110.21875,4321.0
2025-05-21 00:15:00+00:00,110.171875,110.234375,110.171875,110.203125,3796.0
2025-05-21 00:30:00+00:00,110.21875,110.234375,110.15625,110.171875,2864.0
2025-05-21 00:45:00+00:00,110.1875,110.21875,110.1875,110.203125,2496.0
2025-05-21 01:00:00+00:00,110.140625,110.203125,110.125,110.1875,24229.0
2025-05-21 01:15:00+00:00,110.140625,110.171875,110.125,110.140625,2991.0
2025-05-21 01:30:00+00:00,110.109375,110.15625,110.078125,110.15625,6587.0
2025-05-21 01:45:00+00:00,110.09375,110.125,110.09375,110.109375,1917.0
2025-05-21 02:00:00+00:00,110.078125,110.109375,110.0625,110.09375,5257.0
2025-05-21 02:15:00+00:00,110.046875,110.09375,110.03125,110.078125,8268.0
2025-05-21 02:30:00+00:00,110.03125,110.0625,110.015625,110.046875,3846.0
2025-05-21 02:45:00+00:00,110.046875,110.046875,110.015625,110.03125,4071.0
2025-05-21 03:00:00+00:00,110.015625,110.046875,110.015625,110.03125,3314.0
2025-05-21 03:15:00+00:00,110.015625,110.03125,110.0,110.015625,4081.0
2025-05-21 03:30:00+00:00,110.03125,110.046875,110.0,110.03125,1098.0
2025-05-21 03:45:00+00:00,110.03125,110.03125,110.015625,110.015625,1290.0
2025-05-21 04:00:00+00:00,110.015625,110.046875,110.0,110.046875,2290.0
2025-05-21 04:15:00+00:00,110.03125,110.03125,110.015625,110.03125,1695.0
2025-05-21 04:30:00+00:00,110.015625,110.015625,110.0,110.015625,3160.0
2025-05-21 04:45:00+00:00,109.984375,110.03125,109.984375,110.03125,2817.0
2025-05-21 05:00:00+00:00,109.96875,109.984375,109.953125,109.984375,5057.0
2025-05-21 05:15:00+00:00,109.984375,110.0,109.96875,109.984375,2312.0
2025-05-21 05:30:00+00:00,109.984375,110.0,109.96875,109.984375,2278.0
2025-05-21 05:45:00+00:00,110.03125,110.046875,109.984375,109.984375,6248.0
2025-05-21 06:00:00+00:00,109.984375,110.03125,109.9375,110.03125,17161.0
2025-05-21 06:15:00+00:00,109.921875,109.96875,109.921875,109.96875,18837.0
2025-05-21 06:30:00+00:00,109.953125,109.984375,109.90625,109.9375,13069.0
2025-05-21 06:45:00+00:00,109.953125,109.96875,109.9375,109.953125,6902.0
2025-05-21 07:00:00+00:00,109.953125,109.984375,109.921875,109.9375,14726.0
2025-05-21 07:15:00+00:00,110.015625,110.03125,109.96875,109.96875,11396.0
2025-05-21 07:30:00+00:00,109.9375,110.0,109.9375,110.0,14934.0
2025-05-21 07:45:00+00:00,109.90625,109.953125,109.875,109.9375,21166.0
2025-05-21 08:00:00+00:00,109.875,109.921875,109.875,109.921875,9579.0
2025-05-21 08:15:00+00:00,109.875,109.890625,109.84375,109.875,13143.0
2025-05-21 08:30:00+00:00,109.859375,109.890625,109.859375,109.875,5302.0
2025-05-21 08:45:00+00:00,109.84375,109.875,109.84375,109.859375,4375.0
2025-05-21 09:00:00+00:00,109.8125,109.875,109.8125,109.859375,13208.0
2025-05-21 09:15:00+00:00,109.8125,109.828125,109.796875,109.828125,13926.0
2025-05-21 09:30:00+00:00,109.84375,109.859375,109.796875,109.8125,8198.0
2025-05-21 09:45:00+00:00,109.859375,109.875,109.828125,109.84375,10672.0
2025-05-21 10:00:00+00:00,109.875,109.875,109.84375,109.859375,10490.0
2025-05-21 10:15:00+00:00,109.859375,109.875,109.84375,109.859375,13531.0
2025-05-21 10:30:00+00:00,109.84375,109.875,109.8125,109.859375,15501.0
2025-05-21 10:45:00+00:00,109.859375,109.875,109.84375,109.859375,13586.0
2025-05-21 11:00:00+00:00,109.84375,109.890625,109.828125,109.859375,15043.0
2025-05-21 11:15:00+00:00,109.890625,109.90625,109.828125,109.84375,36640.0
2025-05-21 11:30:00+00:00,109.890625,109.921875,109.875,109.90625,46208.0
2025-05-21 11:45:00+00:00,109.875,109.90625,109.859375,109.890625,11300.0
2025-05-21 12:00:00+00:00,109.796875,109.890625,109.78125,109.875,31666.0
2025-05-21 12:15:00+00:00,109.828125,109.875,109.78125,109.796875,161175.0
2025-05-21 12:30:00+00:00,109.828125,109.875,109.8125,109.84375,61698.0
2025-05-21 12:45:00+00:00,109.84375,109.859375,109.8125,109.828125,56665.0
2025-05-21 13:00:00+00:00,109.8125,109.890625,109.796875,109.859375,36271.0
2025-05-21 13:15:00+00:00,109.78125,109.859375,109.78125,109.828125,80158.0
2025-05-21 13:30:00+00:00,109.84375,109.890625,109.78125,109.796875,49212.0
2025-05-21 13:45:00+00:00,109.859375,109.90625,109.828125,109.84375,40159.0
2025-05-21 14:00:00+00:00,109.90625,109.90625,109.8125,109.859375,34720.0
2025-05-21 14:15:00+00:00,109.90625,109.921875,109.875,109.90625,21303.0
2025-05-21 14:30:00+00:00,109.796875,109.90625,109.78125,109.890625,147062.0
2025-05-21 14:45:00+00:00,109.875,109.890625,109.765625,109.796875,67564.0
2025-05-21 15:00:00+00:00,109.90625,109.90625,109.84375,109.859375,31538.0
2025-05-21 15:15:00+00:00,109.84375,109.9375,109.84375,109.890625,73357.0
2025-05-21 15:30:00+00:00,109.859375,109.859375,109.8125,109.828125,29040.0
2025-05-21 15:45:00+00:00,109.796875,109.859375,109.796875,109.859375,38114.0
2025-05-21 16:00:00+00:00,109.8125,109.828125,109.765625,109.796875,40065.0
2025-05-21 16:15:00+00:00,109.828125,109.828125,109.796875,109.796875,10618.0
2025-05-21 16:30:00+00:00,109.796875,109.84375,109.796875,109.8125,17237.0
2025-05-21 16:45:00+00:00,109.8125,109.84375,109.78125,109.796875,26541.0
2025-05-21 17:00:00+00:00,109.65625,109.8125,109.640625,109.796875,222075.0
2025-05-21 17:15:00+00:00,109.53125,109.671875,109.515625,109.671875,164790.0
2025-05-21 17:30:00+00:00,109.5625,109.609375,109.421875,109.53125,130545.0
2025-05-21 17:45:00+00:00,109.515625,109.578125,109.5,109.5625,56282.0
2025-05-21 18:00:00+00:00,109.5625,109.59375,109.5,109.515625,54247.0
2025-05-21 18:15:00+00:00,109.546875,109.59375,109.53125,109.5625,29017.0
2025-05-21 18:30:00+00:00,109.59375,109.609375,109.53125,109.546875,35228.0
2025-05-21 18:45:00+00:00,109.5,109.609375,109.484375,109.578125,87170.0
2025-05-21 19:00:00+00:00,109.59375,109.59375,109.484375,109.515625,44436.0
2025-05-21 19:15:00+00:00,109.578125,109.625,109.5625,109.578125,32226.0
2025-05-21 19:30:00+00:00,109.5625,109.609375,109.546875,109.578125,22737.0
2025-05-21 19:45:00+00:00,109.5625,109.59375,109.5625,109.5625,27095.0
2025-05-21 20:00:00+00:00,109.515625,109.578125,109.5,109.578125,51370.0
2025-05-21 20:15:00+00:00,109.53125,109.53125,109.484375,109.515625,22626.0
2025-05-21 20:30:00+00:00,109.5,109.53125,109.484375,109.515625,11597.0
2025-05-21 20:45:00+00:00,109.453125,109.5,109.453125,109.5,7526.0
2025-05-21 22:00:00+00:00,109.453125,109.5,109.40625,109.453125,31501.0
2025-05-21 22:15:00+00:00,109.46875,109.46875,109.453125,109.453125,1410.0
2025-05-21 22:30:00+00:00,109.40625,109.46875,109.40625,109.46875,3072.0
2025-05-21 22:45:00+00:00,109.421875,109.453125,109.40625,109.421875,3888.0
2025-05-21 23:00:00+00:00,109.421875,109.4375,109.40625,109.421875,1875.0
2025-05-21 23:15:00+00:00,109.4375,109.4375,109.421875,109.4375,1712.0
2025-05-21 23:30:00+00:00,109.453125,109.46875,109.4375,109.4375,2808.0
2025-05-21 23:45:00+00:00,109.4375,109.453125,109.421875,109.453125,2259.0
2025-05-22 00:00:00+00:00,109.484375,109.484375,109.40625,109.4375,4501.0
2025-05-22 00:15:00+00:00,109.484375,109.5,109.453125,109.46875,5561.0
2025-05-22 00:30:00+00:00,109.5,109.5,109.46875,109.484375,1556.0
2025-05-22 00:45:00+00:00,109.484375,109.515625,109.484375,109.484375,3880.0
2025-05-22 01:00:00+00:00,109.484375,109.5,109.46875,109.5,2674.0
2025-05-22 01:15:00+00:00,109.53125,109.53125,109.46875,109.484375,6261.0
2025-05-22 01:30:00+00:00,109.5625,109.5625,109.515625,109.515625,7279.0
2025-05-22 01:45:00+00:00,109.53125,109.5625,109.53125,109.5625,3258.0
2025-05-22 02:00:00+00:00,109.5625,109.578125,109.53125,109.53125,4599.0
2025-05-22 02:15:00+00:00,109.5625,109.5625,109.546875,109.546875,1791.0
2025-05-22 02:30:00+00:00,109.5625,109.578125,109.546875,109.546875,2252.0
2025-05-22 02:45:00+00:00,109.546875,109.5625,109.546875,109.546875,1444.0
2025-05-22 03:00:00+00:00,109.546875,109.5625,109.53125,109.546875,3689.0
2025-05-22 03:15:00+00:00,109.53125,109.5625,109.53125,109.546875,3470.0
2025-05-22 03:30:00+00:00,109.53125,109.546875,109.515625,109.53125,2050.0
2025-05-22 03:45:00+00:00,109.578125,109.59375,109.53125,109.53125,5992.0
2025-05-22 04:00:00+00:00,109.5625,109.59375,109.5625,109.578125,2439.0
2025-05-22 04:15:00+00:00,109.578125,109.578125,109.5625,109.578125,1855.0
2025-05-22 04:30:00+00:00,109.515625,109.5625,109.515625,109.5625,3969.0
2025-05-22 04:45:00+00:00,109.546875,109.546875,109.53125,109.53125,1477.0
2025-05-22 05:00:00+00:00,109.546875,109.546875,109.53125,109.546875,5084.0
2025-05-22 05:15:00+00:00,109.5625,109.5625,109.53125,109.53125,9023.0
2025-05-22 05:30:00+00:00,109.546875,109.5625,109.546875,109.546875,3857.0
2025-05-22 05:45:00+00:00,109.515625,109.546875,109.515625,109.546875,6050.0
2025-05-22 06:00:00+00:00,109.5625,109.5625,109.5,109.515625,12423.0
2025-05-22 06:15:00+00:00,109.578125,109.609375,109.546875,109.5625,15569.0
2025-05-22 06:30:00+00:00,109.609375,109.625,109.5625,109.5625,13769.0
2025-05-22 06:45:00+00:00,109.625,109.65625,109.609375,109.625,21365.0
2025-05-22 07:00:00+00:00,109.65625,109.6875,109.609375,109.625,23724.0
2025-05-22 07:15:00+00:00,109.65625,109.65625,109.609375,109.65625,18522.0
2025-05-22 07:30:00+00:00,109.640625,109.71875,109.625,109.65625,32998.0
2025-05-22 07:45:00+00:00,109.625,109.65625,109.609375,109.625,12607.0
2025-05-22 08:00:00+00:00,109.59375,109.640625,109.5625,109.640625,16746.0
2025-05-22 08:15:00+00:00,109.5625,109.59375,109.546875,109.578125,13049.0
2025-05-22 08:30:00+00:00,109.625,109.625,109.5625,109.5625,33142.0
2025-05-22 08:45:00+00:00,109.671875,109.671875,109.59375,109.625,17235.0
2025-05-22 09:00:00+00:00,109.640625,109.6875,109.640625,109.65625,17261.0
2025-05-22 09:15:00+00:00,109.625,109.671875,109.625,109.640625,7424.0
2025-05-22 09:30:00+00:00,109.65625,109.671875,109.625,109.640625,11789.0
2025-05-22 09:45:00+00:00,109.640625,109.65625,109.609375,109.65625,7708.0
2025-05-22 10:00:00+00:00,109.65625,109.671875,109.625,109.625,6512.0
2025-05-22 10:15:00+00:00,109.625,109.640625,109.609375,109.625,12615.0
2025-05-22 10:30:00+00:00,109.625,109.625,109.59375,109.625,6168.0
2025-05-22 10:45:00+00:00,109.578125,109.65625,109.546875,109.625,56410.0
2025-05-22 11:00:00+00:00,109.5,109.578125,109.484375,109.578125,66137.0
2025-05-22 11:15:00+00:00,109.453125,109.53125,109.4375,109.5,73147.0
2025-05-22 11:30:00+00:00,109.484375,109.515625,109.453125,109.453125,37950.0
2025-05-22 11:45:00+00:00,109.46875,109.515625,109.4375,109.484375,127556.0
2025-05-22 12:00:00+00:00,109.53125,109.5625,109.4375,109.46875,83433.0
2025-05-22 12:15:00+00:00,109.46875,109.546875,109.453125,109.515625,103570.0
2025-05-22 12:30:00+00:00,109.46875,109.546875,109.40625,109.46875,181817.0
2025-05-22 12:45:00+00:00,109.640625,109.65625,109.46875,109.46875,106566.0
2025-05-22 13:00:00+00:00,109.65625,109.703125,109.625,109.640625,173072.0
2025-05-22 13:15:00+00:00,109.640625,109.65625,109.578125,109.65625,120404.0
2025-05-22 13:30:00+00:00,109.671875,109.6875,109.578125,109.640625,116421.0
2025-05-22 13:45:00+00:00,109.578125,109.65625,109.5,109.65625,127520.0
2025-05-22 14:00:00+00:00,109.640625,109.6875,109.5625,109.578125,104617.0
2025-05-22 14:15:00+00:00,109.640625,109.6875,109.578125,109.65625,70860.0
2025-05-22 14:30:00+00:00,109.625,109.65625,109.5625,109.625,68788.0
2025-05-22 14:45:00+00:00,109.671875,109.6875,109.578125,109.640625,68381.0
2025-05-22 15:00:00+00:00,109.625,109.6875,109.59375,109.671875,48126.0
2025-05-22 15:15:00+00:00,109.796875,109.796875,109.609375,109.640625,214891.0
2025-05-22 15:30:00+00:00,109.796875,109.84375,109.765625,109.78125,330621.0
2025-05-22 15:45:00+00:00,109.796875,109.828125,109.75,109.8125,62137.0
2025-05-22 16:00:00+00:00,109.890625,109.890625,109.78125,109.78125,138851.0
2025-05-22 16:15:00+00:00,109.890625,109.921875,109.859375,109.890625,72164.0
2025-05-22 16:30:00+00:00,109.828125,109.890625,109.828125,109.875,50052.0
2025-05-22 16:45:00+00:00,109.78125,109.828125,109.78125,109.8125,38437.0
2025-05-22 17:00:00+00:00,109.859375,109.859375,109.75,109.796875,31539.0
2025-05-22 17:15:00+00:00,109.859375,109.90625,109.828125,109.859375,230170.0
2025-05-22 17:30:00+00:00,109.84375,109.875,109.828125,109.859375,179779.0
2025-05-22 17:45:00+00:00,109.828125,109.859375,109.828125,109.84375,57718.0
2025-05-22 18:00:00+00:00,109.859375,109.859375,109.828125,109.828125,23624.0
2025-05-22 18:15:00+00:00,109.828125,109.859375,109.8125,109.859375,43901.0
2025-05-22 18:30:00+00:00,109.8125,109.84375,109.8125,109.8125,49926.0
2025-05-22 18:45:00+00:00,109.828125,109.859375,109.8125,109.8125,54419.0
2025-05-22 19:00:00+00:00,109.859375,109.859375,109.8125,109.8125,37902.0
2025-05-22 19:15:00+00:00,109.84375,109.890625,109.84375,109.84375,38876.0
2025-05-22 19:30:00+00:00,109.90625,109.921875,109.84375,109.84375,34678.0
2025-05-22 19:45:00+00:00,109.921875,109.9375,109.90625,109.921875,37846.0
2025-05-22 20:00:00+00:00,109.90625,109.921875,109.859375,109.921875,46764.0
2025-05-22 20:15:00+00:00,109.921875,109.9375,109.890625,109.890625,34334.0
2025-05-22 20:30:00+00:00,109.96875,110.0,109.921875,109.921875,51583.0
2025-05-22 20:45:00+00:00,109.96875,109.984375,109.9375,109.984375,13219.0
2025-05-22 22:00:00+00:00,109.984375,109.984375,109.9375,109.953125,2040.0
2025-05-22 22:15:00+00:00,109.953125,109.96875,109.953125,109.96875,1707.0
2025-05-22 22:30:00+00:00,109.953125,109.953125,109.9375,109.953125,494.0
2025-05-22 22:45:00+00:00,109.953125,109.96875,109.953125,109.953125,1097.0
2025-05-22 23:00:00+00:00,109.96875,110.0,109.96875,109.96875,1785.0
2025-05-22 23:15:00+00:00,109.96875,109.984375,109.953125,109.96875,622.0
2025-05-22 23:30:00+00:00,109.953125,109.96875,109.953125,109.96875,362.0
2025-05-22 23:45:00+00:00,109.9375,109.953125,109.9375,109.953125,2417.0
2025-05-23 00:00:00+00:00,109.9375,109.9375,109.90625,109.921875,3163.0
2025-05-23 00:15:00+00:00,109.953125,109.953125,109.90625,109.9375,1767.0
2025-05-23 00:30:00+00:00,109.96875,109.984375,109.9375,109.9375,2626.0
2025-05-23 00:45:00+00:00,110.0,110.0,109.96875,109.984375,3974.0
2025-05-23 01:00:00+00:00,110.03125,110.078125,109.984375,110.0,14710.0
2025-05-23 01:15:00+00:00,110.015625,110.046875,110.015625,110.03125,4010.0
2025-05-23 01:30:00+00:00,110.015625,110.015625,110.0,110.015625,1594.0
2025-05-23 01:45:00+00:00,110.03125,110.046875,110.015625,110.015625,3385.0
2025-05-23 02:00:00+00:00,109.96875,110.03125,109.96875,110.03125,4377.0
2025-05-23 02:15:00+00:00,109.984375,109.984375,109.953125,109.96875,3456.0
2025-05-23 02:30:00+00:00,109.984375,110.0,109.96875,109.984375,2853.0
2025-05-23 02:45:00+00:00,109.984375,110.0,109.96875,109.96875,1144.0
2025-05-23 03:00:00+00:00,109.921875,110.0,109.921875,109.984375,4669.0
2025-05-23 03:15:00+00:00,109.921875,109.9375,109.90625,109.9375,1385.0
2025-05-23 03:30:00+00:00,109.9375,109.953125,109.921875,109.921875,3482.0
2025-05-23 03:45:00+00:00,109.96875,109.96875,109.921875,109.9375,1324.0
2025-05-23 04:00:00+00:00,109.953125,109.96875,109.9375,109.953125,1467.0
2025-05-23 04:15:00+00:00,109.953125,109.953125,109.9375,109.953125,854.0
2025-05-23 04:30:00+00:00,109.953125,109.953125,109.9375,109.953125,1716.0
2025-05-23 04:45:00+00:00,109.953125,109.96875,109.9375,109.953125,1886.0
2025-05-23 05:00:00+00:00,109.9375,109.96875,109.921875,109.953125,2771.0
2025-05-23 05:15:00+00:00,109.90625,109.9375,109.890625,109.921875,2245.0
2025-05-23 05:30:00+00:00,109.90625,109.921875,109.890625,109.90625,5445.0
2025-05-23 05:45:00+00:00,109.90625,109.90625,109.890625,109.90625,3043.0
2025-05-23 06:00:00+00:00,109.90625,109.921875,109.890625,109.90625,5243.0
2025-05-23 06:15:00+00:00,109.96875,109.984375,109.90625,109.90625,12113.0
2025-05-23 06:30:00+00:00,110.046875,110.0625,109.953125,109.953125,13422.0
2025-05-23 06:45:00+00:00,110.109375,110.109375,110.03125,110.03125,16523.0
2025-05-23 07:00:00+00:00,110.0625,110.109375,110.015625,110.09375,13585.0
2025-05-23 07:15:00+00:00,110.0625,110.078125,110.03125,110.0625,17070.0
2025-05-23 07:30:00+00:00,110.015625,110.09375,110.015625,110.0625,72240.0
2025-05-23 07:45:00+00:00,110.046875,110.0625,110.015625,110.03125,10790.0
2025-05-23 08:00:00+00:00,110.03125,110.0625,110.0,110.03125,15870.0
2025-05-23 08:15:00+00:00,110.0,110.0625,110.0,110.0469970703125,9278.0
2025-05-23 08:30:00+00:00,110.015625,110.03125,109.984375,110.015625,7364.0
2025-05-23 08:45:00+00:00,110.015625,110.03125,109.984375,110.0,23283.0
2025-05-23 09:00:00+00:00,110.046875,110.046875,109.96875,110.015625,23345.0
2025-05-23 09:15:00+00:00,110.03125,110.046875,110.0,110.046875,8769.0
2025-05-23 09:30:00+00:00,110.015625,110.03125,109.96875,110.015625,15550.0
2025-05-23 09:45:00+00:00,109.96875,110.03125,109.953125,110.0,72882.0
2025-05-23 10:00:00+00:00,109.984375,109.984375,109.9375,109.953125,9528.0
2025-05-23 10:15:00+00:00,109.953125,109.984375,109.921875,109.96875,8727.0
2025-05-23 10:30:00+00:00,109.953125,109.984375,109.9375,109.9375,8861.0
2025-05-23 10:45:00+00:00,109.953125,109.96875,109.921875,109.9375,13434.0
2025-05-23 11:00:00+00:00,109.984375,110.0,109.9375,109.953125,12599.0
2025-05-23 11:15:00+00:00,110.109375,110.140625,109.984375,109.984375,90805.0
2025-05-23 11:30:00+00:00,110.3125,110.34375,110.09375,110.109375,185699.0
2025-05-23 11:45:00+00:00,110.453125,110.5,110.3125,110.3125,183681.0
2025-05-23 12:00:00+00:00,110.390625,110.546875,110.375,110.46875,156044.0
2025-05-23 12:15:00+00:00,110.296875,110.421875,110.265625,110.40625,176657.0
2025-05-23 12:30:00+00:00,110.34375,110.34375,110.28125,110.28125,140289.0
2025-05-23 12:45:00+00:00,110.34375,110.375,110.28125,110.34375,58801.0
2025-05-23 13:00:00+00:00,110.4375,110.4375,110.3125,110.34375,77642.0
2025-05-23 13:15:00+00:00,110.3125,110.46875,110.296875,110.4375,94088.0
2025-05-23 13:30:00+00:00,110.1875,110.328125,110.15625,110.296875,280813.0
2025-05-23 13:45:00+00:00,110.140625,110.234375,110.140625,110.203125,67850.0
2025-05-23 14:00:00+00:00,110.09375,110.15625,110.0625,110.140625,91033.0
2025-05-23 14:15:00+00:00,110.109375,110.15625,110.0625,110.078125,71185.0
2025-05-23 14:30:00+00:00,110.078125,110.140625,110.046875,110.09375,57503.0
2025-05-23 14:45:00+00:00,110.125,110.171875,110.0625,110.078125,182585.0
2025-05-23 15:00:00+00:00,110.046875,110.125,110.015625,110.125,126877.0
2025-05-23 15:15:00+00:00,110.078125,110.078125,110.015625,110.046875,42785.0
2025-05-23 15:30:00+00:00,110.125,110.140625,110.015625,110.0625,128770.0
2025-05-23 15:45:00+00:00,110.25,110.25,110.109375,110.125,57000.0
2025-05-23 16:00:00+00:00,110.1875,110.25,110.171875,110.25,62317.0
2025-05-23 16:15:00+00:00,110.078125,110.203125,110.0625,110.203125,67147.0
2025-05-23 16:30:00+00:00,110.09375,110.125,110.03125,110.078125,106394.0
2025-05-23 16:45:00+00:00,110.078125,110.109375,110.03125,110.09375,308743.0
2025-05-23 17:00:00+00:00,110.125,110.15625,110.078125,110.078125,58543.0
2025-05-23 17:15:00+00:00,110.140625,110.15625,110.109375,110.109375,17374.0
2025-05-23 17:30:00+00:00,110.109375,110.171875,110.078125,110.15625,15764.0
2025-05-23 17:45:00+00:00,110.046875,110.109375,110.046875,110.09375,19026.0
2025-05-23 18:00:00+00:00,110.0625,110.078125,110.03125,110.046875,9017.0
2025-05-23 18:15:00+00:00,110.125,110.140625,110.046875,110.0625,45719.0
2025-05-23 18:30:00+00:00,110.09375,110.125,110.09375,110.109375,8217.0
2025-05-23 18:45:00+00:00,110.109375,110.125,110.078125,110.09375,15352.0
2025-05-23 19:00:00+00:00,110.109375,110.125,110.078125,110.09375,137032.0
